,PLAYER,BODY FAT %,"
            HAND LENGTH (inches)
          ",HAND WIDTH (inches),STANDING REACH,WINGSPAN,Draft Year,Wingspan_cm,Standing_reach_cm
0,Malik Allen,-%,-,-,9' 1'',7' 2.5'',2000,219.71,276.86
1,Harold Arceneaux,-%,-,-,8' 7'',6' 8.5'',2000,204.47,261.62
2,Lamont Barnes,-%,-,-,9' 0'',7' 3.5'',2000,222.25,274.32
3,Mario Bland,-%,-,-,8' 7'',7' 0'',2000,213.36,261.62
4,Primoz Brezec,-%,-,-,9' 2'',7' 2'',2000,218.44,279.4
5,Ernest Brown,-%,-,-,9' 1.5'',7' 1.25'',2000,216.535,278.13
6,Speedy Claxton,-%,-,-,7' 10.5'',6' 0'',2000,182.88,240.03
7,Eric Coley,-%,-,-,8' 6'',6' 11'',2000,210.82,259.08
8,Ed Cota,-%,-,-,8' 0.5'',6' 4'',2000,193.04,245.11
9,Schea Cotton,-%,-,-,8' 4'',6' 7'',2000,200.66,254.0
10,Jamal Crawford,-%,-,-,8' 6.5'',6' 10'',2000,208.28,260.35
11,Caswell Cyrus,-%,-,-,8' 11.5'',7' 2'',2000,218.44,273.05
12,Khalid El-Amin,-%,-,-,7' 9'',6' 1.5'',2000,186.69,236.22
13,Vassil Evtimov,-%,-,-,8' 10.5'',6' 10.5'',2000,209.55,270.51
14,Antonis Fotsis,-%,-,-,8' 10'',6' 8.5'',2000,204.47,269.24
15,Eddie Gill,-%,-,-,7' 9'',6' 4'',2000,193.04,236.22
16,Ceedric Goodwyn,-%,-,-,8' 8.5'',6' 10'',2000,208.28,265.43
17,Marcus Goree,-%,-,-,8' 9.5'',7' 0.5'',2000,214.63,267.97
18,A.J. Granger,-%,-,-,8' 7'',6' 9.5'',2000,207.01,261.62
19,A.J. Guyton,-%,-,-,8' 1.5'',6' 3.75'',2000,192.405,247.65
20,Ron Hale,-%,-,-,8' 8.5'',6' 11'',2000,210.82,265.43
21,Jason Hart,-%,-,-,8' 1.5'',6' 6'',2000,198.12,247.65
22,Donnell Harvey,-%,-,-,8' 9.5'',7' 0.5'',2000,214.63,267.97
23,Johnny Hemsley,-%,-,-,8' 4.5'',6' 8'',2000,203.2,255.27
24,Michael Hermon,-%,-,-,8' 2.5'',6' 6.25'',2000,198.755,250.19
25,Cory Hightower,-%,-,-,8' 5.5'',6' 11'',2000,210.82,257.81
26,Shaheen Holloway,-%,-,-,7' 7'',5' 10'',2000,177.8,231.14000000000001
27,Eddie House,-%,-,-,7' 11'',6' 3.5'',2000,191.77,241.3
28,Jimmie Hunter,-%,-,-,8' 4'',6' 8'',2000,203.2,254.0
29,Jacob Jaacks,-%,-,-,8' 9.5'',6' 11'',2000,210.82,267.97
30,Marko Jaric,-%,-,-,8' 8'',6' 9'',2000,205.74,264.16
31,Nate Johnson,-%,-,-,8' 8'',6' 8.5'',2000,204.47,264.16
32,Kenyon Jones,-%,-,-,9' 0'',7' 1'',2000,215.9,274.32
33,Mark Karcher,-%,-,-,8' 6.5'',6' 8'',2000,203.2,260.35
34,Brandon Kurtz,-%,-,-,8' 10.5'',6' 11.25'',2000,211.455,270.51
35,Dan Langhi,-%,-,-,8' 8'',6' 8'',2000,203.2,264.16
36,Justin Love,-%,-,-,8' 1.5'',6' 4.5'',2000,194.31,247.65
37,Mark Madsen,-%,-,-,8' 8.5'',7' 0.5'',2000,214.63,265.43
38,Dan McClintock,-%,-,-,8' 11'',7' 1.5'',2000,217.17000000000002,271.78000000000003
39,Pete Mickeal,-%,-,-,8' 7.5'',6' 9.5'',2000,207.01,262.89
40,Brian Montonati,-%,-,-,8' 10'',6' 10.5'',2000,209.55,269.24
41,Gabe Muoneke,-%,-,-,8' 9'',7' 0.5'',2000,214.63,266.7
42,Ndongo N'diaye,-%,-,-,9' 4.5'',7' 3.5'',2000,222.25,285.75
43,Eduardo Najera,-%,-,-,8' 8.5'',6' 11.5'',2000,212.09,265.43
44,Matthew Nielsen,-%,-,-,8' 10'',6' 10.5'',2000,209.55,269.24
45,Chris Porter,-%,-,-,8' 7.5'',6' 9.5'',2000,207.01,262.89
46,Lavor Postell,-%,-,-,8' 5.5'',6' 8.5'',2000,204.47,257.81
47,Igor Rakocevic,-%,-,-,8' 4'',6' 5.25'',2000,196.215,254.0
48,Reed Rawlings,-%,-,-,8' 8'',6' 9.25'',2000,206.375,264.16
49,Michael Redd,-%,-,-,8' 6'',6' 9'',2000,205.74,259.08
50,Damon Reed,-%,-,-,8' 8.5'',6' 9.5'',2000,207.01,265.43
51,Aubrey Reese,-%,-,-,7' 10.5'',6' 5.5'',2000,196.85,240.03
52,Terrance Roberson,-%,-,-,8' 7.5'',6' 8'',2000,203.2,262.89
53,Julius Doc Robinson,-%,-,-,7' 11.5'',6' 3.75'',2000,192.405,242.57
54,Pepe Sanchez,-%,-,-,8' 0'',6' 3.5'',2000,191.77,243.84
55,Matt Santangelo,-%,-,-,7' 10'',6' 3'',2000,190.5,238.76
56,Alex Scales,-%,-,-,8' 1.5'',6' 9'',2000,205.74,247.65
57,Karim Shabazz,-%,-,-,9' 3.5'',7' 3'',2000,220.98,283.21
58,Nick Sheppard,-%,-,-,8' 11.5'',6' 11'',2000,210.82,273.05
59,Mike Smith,-%,-,-,8' 7'',6' 8.5'',2000,204.47,261.62
60,Jabari Smith,-%,-,-,9' 1.5'',7' 2.5'',2000,219.71,278.13
61,Jarrett Stephens,-%,-,-,8' 7'',6' 9.25'',2000,206.375,261.62
62,Bootsy Thornton,-%,-,-,8' 5.5'',6' 6.5'',2000,199.39000000000001,257.81
63,Jaquay Walls,-%,-,-,8' 0.5'',6' 2.5'',2000,189.23,245.11
64,Jameel Watkins,-%,-,-,9' 2'',7' 6'',2000,228.6,279.4
65,Adam Allenspach,12.40%,-,-,8' 11'',7' 0.5'',2001,214.63,271.78000000000003
66,Gilbert Arenas,5.30%,-,-,8' 3.5'',6' 9.5'',2001,207.01,252.73
67,Brandon Armstrong,9.30%,-,-,8' 3.5'',6' 9.5'',2001,207.01,252.73
68,Shane Battier,9.30%,-,-,8' 9'',6' 10.5'',2001,209.55,266.7
69,Cookie Belcher,5.30%,-,-,8' 3'',6' 8.5'',2001,204.47,251.46
70,Charlie Bell,6.70%,-,-,8' 1.5'',6' 7.5'',2001,201.93,247.65
71,Ruben Boumtje-Boumtje,6.00%,-,-,9' 3'',7' 4'',2001,223.52,281.94
72,Calvin Bowman,8.60%,-,-,8' 8'',6' 11.5'',2001,212.09,264.16
73,Michael Bradley,9.30%,-,-,8' 11'',7' 1.5'',2001,217.17000000000002,271.78000000000003
74,Jamison Brewer,6.70%,-,-,8' 6.5'',6' 8.75'',2001,205.105,260.35
75,Kwame Brown,8.90%,-,-,9' 0'',7' 1'',2001,215.9,274.32
76,Damone Brown,6.70%,-,-,8' 8.5'',6' 11.75'',2001,212.725,265.43
77,SirValiant Brown,6.70%,-,-,7' 8.5'',6' 4'',2001,193.04,234.95000000000002
78,Ryan Carroll,8.00%,-,-,8' 3'',6' 8.25'',2001,203.835,251.46
79,Tyson Chandler,6.70%,-,-,9' 2'',7' 3'',2001,220.98,279.4
80,Eric Chenowith,12.90%,-,-,9' 3'',7' 4'',2001,223.52,281.94
81,Sam Clancy,8.00%,-,-,8' 11'',7' 2.75'',2001,220.345,271.78000000000003
82,Gyasi Cline-Heard,8.00%,-,-,8' 7'',6' 11.5'',2001,212.09,261.62
83,Jason Collins,12.90%,-,-,9' 2'',7' 4.5'',2001,224.79,279.4
84,Jarron Collins,15.20%,-,-,8' 8'',7' 3'',2001,220.98,264.16
85,Omar Cook,5.50%,-,-,7' 8'',6' 5.5'',2001,196.85,233.68
86,Eddy Curry,16.50%,-,-,9' 3'',7' 6.5'',2001,229.87,281.94
87,Tate Decker,13.60%,-,-,8' 11'',6' 11.75'',2001,212.725,271.78000000000003
88,DeSagana Diop,21.00%,-,-,9' 5'',7' 6.5'',2001,229.87,287.02
89,Robb Dryden,8.00%,-,-,9' 2.25'',7' 2.5'',2001,219.71,280.035
90,Maurice Evans,4.00%,-,-,8' 5'',6' 8'',2001,203.2,256.54
91,Anthony Evans,12.90%,-,-,8' 5.5'',6' 11.5'',2001,212.09,257.81
92,Benjamin Eze,3.90%,-,-,9' 1'',7' 6'',2001,228.6,276.86
93,Kimani Ffriend,11.70%,-,-,9' 0.5'',6' 10.75'',2001,210.185,275.59000000000003
94,Alton Ford,8.00%,-,-,8' 6.5'',6' 10.5'',2001,209.55,260.35
95,Joseph Forte,-%,-,-,8' 4.5'',6' 6.5'',2001,199.39000000000001,255.27
96,Jason Gardner,8.00%,-,-,7' 8.5'',6' 1.25'',2001,186.055,234.95000000000002
97,Jerry Green,5.50%,-,-,8' 3'',6' 6.25'',2001,198.755,251.46
98,Kenny Gregory,6.70%,-,-,8' 5'',6' 11.25'',2001,211.455,256.54
99,Eddie Griffin,4.00%,-,-,9' 2'',7' 3'',2001,220.98,279.4
100,Trenton Hassell,5.30%,-,-,8' 3.5'',6' 8'',2001,203.2,252.73
101,Kirk Haston,10.50%,-,-,8' 10'',7' 0.25'',2001,213.995,269.24
102,Charles Hathaway,-%,-,-,8' 11.5'',7' 2'',2001,218.44,273.05
103,Brendan Haywood,12.90%,-,-,9' 5.5'',7' 6.5'',2001,229.87,288.29
104,Michael Hicks,7.30%,-,-,8' 4.5'',6' 9.25'',2001,206.375,255.27
105,Steven Hunter,5.30%,-,-,9' 0'',7' 4'',2001,223.52,274.32
106,Andre Hutson,11.70%,-,-,8' 9.5'',6' 11.75'',2001,212.725,267.97
107,Nate James,6.00%,-,-,8' 7'',6' 10.75'',2001,210.185,261.62
108,Richard Jefferson,6.70%,-,-,8' 7'',7' 0'',2001,213.36,261.62
109,Horace Jenkins,6.00%,-,-,8' 1'',6' 5.25'',2001,196.215,246.38
110,Darrell Johns,19.10%,-,-,9' 3.5'',7' 5'',2001,226.06,283.21
111,Joe Johnson,6.70%,-,-,8' 9'',6' 9'',2001,205.74,266.7
112,Ken Johnson,9.90%,-,-,9' 1.5'',7' 4'',2001,223.52,278.13
113,Darren Kelly,6.70%,-,-,8' 4'',6' 6.75'',2001,200.025,254.0
114,Sean Lampley,8.00%,-,-,8' 5'',6' 9.25'',2001,206.375,256.54
115,Zach Marbury,6.70%,-,-,8' 0.5'',6' 3.5'',2001,191.77,245.11
116,Mike Mardesich,13.60%,-,-,9' 0.5'',7' 0.5'',2001,214.63,275.59000000000003
117,DeMarcus Minor,6.70%,-,-,8' 3.5'',6' 8.25'',2001,203.835,252.73
118,Jamario Moon,5.30%,-,-,8' 7'',6' 11.5'',2001,212.09,261.62
119,Troy Murphy,11.70%,-,-,8' 9.5'',6' 11'',2001,210.82,267.97
120,Troy Ostler,8.00%,-,-,8' 10.5'',7' 1.5'',2001,217.17000000000002,270.51
121,Lazaros Papadopoulos,11.70%,-,-,9' 2.5'',7' 2.5'',2001,219.71,280.67
122,Rashad Phillips,12.40%,-,-,7' 8'',6' 1.5'',2001,186.69,233.68
123,Demetrius Porter,12.40%,-,-,7' 10'',6' 2.75'',2001,189.865,238.76
124,Martin Rancik,8.00%,-,-,8' 6.5'',6' 8'',2001,203.2,260.35
125,Jason Richardson,5.30%,-,-,8' 6.5'',6' 11.5'',2001,212.09,260.35
126,Norman Richardson,6.00%,-,-,8' 3'',6' 4.5'',2001,194.31,251.46
127,Jeryl Sasser,6.70%,-,-,8' 7.5'',6' 10.5'',2001,209.55,262.89
128,Kenny Satterfield,6.70%,-,-,8' 2'',6' 4.5'',2001,194.31,248.92000000000002
129,Brian Scalabrine,13.60%,-,-,8' 9.5'',6' 9.75'',2001,207.645,267.97
130,Lee Scruggs,10.50%,-,-,9' 2.5'',7' 5.75'',2001,227.965,280.67
131,Bobby Simmons,6.70%,-,-,8' 9'',7' 0.25'',2001,213.995,266.7
132,Will Solomon,4.00%,-,-,8' 3.5'',6' 9.5'',2001,207.01,252.73
133,Greg Stevenson,7.30%,-,-,8' 6'',7' 0.5'',2001,214.63,259.08
134,Damone Thornton,8.00%,-,-,8' 7.75'',7' 1.75'',2001,217.805,263.525
135,Jamaal Tinsley,13.60%,-,-,8' 1.5'',6' 7.5'',2001,201.93,247.65
136,Tory Walker,6.70%,-,-,8' 8.5'',6' 11.25'',2001,211.455,265.43
137,Souleymane Wane,11.20%,-,-,9' 1'',7' 5'',2001,226.06,276.86
138,Earl Watson,4.00%,-,-,8' 1'',6' 6.75'',2001,200.025,246.38
139,Rodney White,9.30%,-,-,8' 8.5'',6' 11.5'',2001,212.09,265.43
140,Loren Woods,9.30%,-,-,9' 5'',7' 5.5'',2001,227.33,287.02
141,Brent Wright,12.40%,-,-,8' 9.5'',7' 1.5'',2001,217.17000000000002,267.97
142,Michael Wright,9.30%,-,-,8' 10.5'',6' 11.5'',2001,212.09,270.51
143,Nene,-%,-,-,9' 1'',7' 4.5'',2002,224.79,276.86
144,Robert Archibald,-%,-,-,9' 1.5'',6' 11.75'',2002,212.725,278.13
145,Maurice Baker,-%,-,-,8' 0'',6' 4'',2002,193.04,243.84
146,Matt Barnes,-%,-,-,8' 0.5'',6' 9'',2002,205.74,245.11
147,Lubos Barton,-%,-,-,8' 11'',7' 0'',2002,213.36,271.78000000000003
148,Lonny Baxter,-%,-,-,8' 11.5'',7' 1.5'',2002,217.17000000000002,273.05
149,Lee Benson,-%,-,-,9' 1'',7' 1.75'',2002,217.805,276.86
150,Carlos Boozer,-%,-,-,9' 0.5'',7' 2.25'',2002,219.07500000000002,275.59000000000003
151,Curtis Borchardt,-%,-,-,9' 4'',7' 2.5'',2002,219.71,284.48
152,J.R. Bremer,-%,-,-,8' 0'',6' 2.25'',2002,188.595,243.84
153,Brian Brown,-%,-,-,8' 3'',6' 7'',2002,200.66,251.46
154,Sylvere Bryan,-%,-,-,9' 1.5'',7' 4.5'',2002,224.79,278.13
155,Chris Burgess,-%,-,-,9' 1'',6' 11.5'',2002,212.09,276.86
156,Caron Butler,-%,-,-,8' 7.5'',6' 11.5'',2002,212.09,262.89
157,Rasual Butler,-%,-,-,8' 9.5'',7' 0'',2002,213.36,267.97
158,Mire Chatman,-%,-,-,8' 2'',6' 6'',2002,198.12,248.92000000000002
159,Chris Christoffersen,-%,-,-,9' 1'',7' 3.5'',2002,222.25,276.86
160,Lenny Cooke,-%,-,-,8' 11'',7' 1'',2002,215.9,271.78000000000003
161,Craig Dawson,-%,-,-,8' 6'',6' 6.25'',2002,198.755,259.08
162,Mike Dunleavy,-%,-,-,8' 10'',6' 9'',2002,205.74,269.24
163,Teddy Dupay,-%,-,-,7' 6.5'',5' 10.75'',2002,179.705,229.87
164,Corsley Edwards,-%,-,-,8' 10.5'',6' 10.75'',2002,210.185,270.51
165,Andy Ellis,-%,-,-,8' 6'',6' 10.25'',2002,208.915,259.08
166,Melvin Ely,-%,-,-,9' 3'',7' 4'',2002,223.52,281.94
167,Reggie Evans,-%,-,-,8' 11.5'',7' 2.5'',2002,219.71,273.05
168,Peter Fehse,-%,-,-,9' 1'',7' 0.5'',2002,214.63,276.86
169,Drew Gooden,-%,-,-,8' 10.5'',7' 0.5'',2002,214.63,270.51
170,David Graves,-%,-,-,8' 5'',6' 7'',2002,200.66,256.54
171,Lynn Greer,-%,-,-,7' 10.5'',6' 1'',2002,185.42000000000002,240.03
172,Rod Grizzard,-%,-,-,8' 11'',7' 0'',2002,213.36,271.78000000000003
173,Anthony Grundy,-%,-,-,8' 3'',6' 7.75'',2002,202.565,251.46
174,Marcus Haislip,-%,-,-,8' 11'',7' 0'',2002,213.36,271.78000000000003
175,Damon Hancock,-%,-,-,8' 3.5'',6' 6'',2002,198.12,252.73
176,Greg Harrington,-%,-,-,8' 1'',6' 3.75'',2002,192.405,246.38
177,Udonis Haslem,-%,-,-,8' 11'',6' 11'',2002,210.82,271.78000000000003
178,Cordell Henry,-%,-,-,7' 8'',6' 1'',2002,185.42000000000002,233.68
179,Randy Holcomb,-%,-,-,8' 9'',7' 1'',2002,215.9,266.7
180,Ryan Humphrey,-%,-,-,8' 8.5'',7' 0'',2002,213.36,265.43
181,Jared Jeffries,-%,-,-,9' 1'',7' 0.5'',2002,214.63,276.86
182,Jason Jennings,-%,-,-,9' 3'',7' 7'',2002,231.14000000000001,281.94
183,Fred Jones,-%,-,-,8' 4'',7' 0'',2002,213.36,254.0
184,Lonnie Jones,-%,-,-,9' 4'',7' 2.25'',2002,219.07500000000002,284.48
185,Mario Kasun,-%,-,-,9' 1'',6' 11.5'',2002,212.09,276.86
186,Sean Kennedy,-%,-,-,8' 0'',6' 2.5'',2002,189.23,243.84
187,Kris Lang,-%,-,-,9' 1'',6' 11.75'',2002,212.725,276.86
188,Muhammed Lasege,-%,-,-,9' 0.5'',7' 2'',2002,218.44,275.59000000000003
189,Steve Logan,-%,-,-,7' 8.5'',5' 11.75'',2002,182.245,234.95000000000002
190,Kevin Lyde,-%,-,-,9' 1.5'',7' 2'',2002,218.44,278.13
191,Tito Maddox,-%,-,-,8' 3'',6' 5'',2002,195.58,251.46
192,Kei Madison,-%,-,-,8' 11'',7' 0.5'',2002,214.63,271.78000000000003
193,Chris Massie,-%,-,-,8' 11'',7' 0'',2002,213.36,271.78000000000003
194,Immanuel McElroy,-%,-,-,8' 4'',6' 6.5'',2002,199.39000000000001,254.0
195,Aaron McGhee,-%,-,-,8' 9.5'',6' 10'',2002,208.28,267.97
196,Elvin Mims,-%,-,-,8' 9.5'',7' 1.5'',2002,217.17000000000002,267.97
197,Byron Mouton,-%,-,-,8' 6'',6' 10.25'',2002,208.915,259.08
198,Ronald Murray,-%,-,-,8' 4.5'',6' 7.5'',2002,201.93,255.27
199,Uche Okafor,-%,-,-,9' 4'',7' 5.5'',2002,227.33,284.48
200,Chris Owens,-%,-,-,8' 8'',6' 11.5'',2002,212.09,264.16
201,Jannero Pargo,-%,-,-,8' 0'',6' 2.5'',2002,189.23,243.84
202,Smush Parker,-%,-,-,8' 11.5'',6' 10'',2002,208.28,273.05
203,Luke Recker,-%,-,-,8' 5'',6' 7'',2002,200.66,256.54
204,Rolan Roberts,-%,-,-,8' 9.5'',7' 1'',2002,215.9,267.97
205,Travis Robinson,-%,-,-,8' 8.5'',6' 10.5'',2002,209.55,265.43
206,Kareem Rush,-%,-,-,8' 7.5'',6' 9.75'',2002,207.645,262.89
207,Brooks Sales,-%,-,-,9' 0'',6' 10'',2002,208.28,274.32
208,John Salmons,-%,-,-,8' 8'',6' 10.25'',2002,208.915,264.16
209,Predrag Savovic,-%,-,-,8' 6'',6' 7'',2002,200.66,259.08
210,Julian Sensley,-%,-,-,8' 9.5'',6' 11.5'',2002,212.09,267.97
211,Israel Sheinfeld,-%,-,-,8' 10.5'',6' 9.75'',2002,207.645,270.51
212,Preston Shumpert,-%,-,-,8' 7.5'',6' 8.5'',2002,204.47,262.89
213,Tamar Slay,-%,-,-,8' 8'',6' 11.5'',2002,212.09,264.16
214,Darius Songaila,-%,-,-,9' 0.5'',7' 1'',2002,215.9,275.59000000000003
215,Amar'e Stoudemire,-%,-,-,9' 0.5'',7' 1.75'',2002,217.805,275.59000000000003
216,Marcus Taylor,-%,-,-,8' 2.5'',6' 4.5'',2002,194.31,250.19
217,Jobey Thomas,-%,-,-,8' 3.5'',6' 5.75'',2002,197.485,252.73
218,Dajuan Wagner,-%,-,-,8' 3'',6' 2'',2002,187.96,251.46
219,Chris Wilcox,-%,-,-,8' 11.5'',7' 1'',2002,215.9,273.05
220,Jay Williams,-%,-,-,8' 1'',6' 3.5'',2002,191.77,246.38
221,Frank Williams,-%,-,-,8' 4.5'',6' 8'',2002,203.2,255.27
222,George Williams,-%,-,-,8' 7'',7' 0.5'',2002,214.63,261.62
223,Qyntel Woods,-%,-,-,8' 9'',6' 10'',2002,208.28,266.7
224,Vincent Yarbrough,-%,-,-,8' 8.5'',7' 0.5'',2002,214.63,265.43
225,Aloysius Anagonye,10.50%,-,-,8' 10'',7' 2.5'',2003,219.71,269.24
226,Rick Anderson,9.90%,-,-,8' 10.5'',6' 11'',2003,210.82,270.51
227,Carmelo Anthony,8.00%,-,-,8' 9.5'',7' 0'',2003,213.36,267.97
228,Jerome Beasley,9.90%,-,-,8' 11'',7' 0.5'',2003,214.63,271.78000000000003
229,Troy Bell,5.30%,-,-,8' 1.5'',6' 5'',2003,195.58,247.65
230,LaVell Blanchard,11.70%,-,-,8' 5.5'',6' 6'',2003,198.12,257.81
231,Keith Bogans,8.00%,-,-,8' 5'',6' 9.25'',2003,206.375,256.54
232,Matt Bonner,13.60%,-,-,8' 9.5'',6' 8.75'',2003,205.105,267.97
233,Chris Bosh,8.00%,-,-,9' 1'',7' 3.5'',2003,222.25,276.86
234,Jermaine Boyette,7.30%,-,-,8' 0'',6' 4'',2003,193.04,243.84
235,Souleymane Camara,9.90%,-,-,9' 1'',7' 2.25'',2003,219.07500000000002,276.86
236,Matt Carroll,6.70%,-,-,8' 2.5'',6' 6.5'',2003,199.39000000000001,250.19
237,Nick Collison,17.00%,-,-,9' 0'',7' 1.5'',2003,217.17000000000002,274.32
238,Brian Cook,10.50%,-,-,9' 1'',7' 2'',2003,218.44,276.86
239,Joel Cornette,12.90%,-,-,8' 9.5'',6' 9.25'',2003,206.375,267.97
240,Marquis Daniels,4.00%,-,-,8' 7.5'',6' 10'',2003,208.28,262.89
241,Aleksander Djuric,16.30%,-,-,9' 0'',7' 0'',2003,213.36,274.32
242,Ruben Douglas,6.00%,-,-,8' 4.5'',6' 7.25'',2003,201.29500000000002,255.27
243,Ronald Dupree,6.70%,-,-,8' 5'',6' 8.25'',2003,203.835,256.54
244,Carl English,8.00%,-,-,8' 2.5'',6' 5.25'',2003,196.215,250.19
245,Ebi Ere,14.10%,-,-,8' 6'',6' 10.5'',2003,209.55,259.08
246,Marquis Estill,11.70%,-,-,9' 0'',7' 4'',2003,223.52,274.32
247,T.J. Ford,6.70%,-,-,7' 9.5'',5' 11.5'',2003,181.61,237.49
248,Jason Gardner,9.30%,-,-,7' 8'',6' 1'',2003,185.42000000000002,233.68
249,Willie Green,8.00%,-,-,8' 4'',6' 7.25'',2003,201.29500000000002,254.0
250,Justin Hamilton,8.00%,-,-,8' 7'',6' 11'',2003,210.82,261.62
251,Travis Hansen,6.00%,-,-,8' 4.5'',6' 6.5'',2003,199.39000000000001,255.27
252,Trevor Harvey,10.50%,-,-,9' 1.5'',7' 1'',2003,215.9,278.13
253,Marcus Hatten,4.00%,-,-,8' 2'',6' 6.25'',2003,198.755,248.92000000000002
254,Kirk Hinrich,5.30%,-,-,8' 2.5'',6' 6'',2003,198.12,250.19
255,Jerry Holman,6.00%,-,-,9' 1.5'',7' 3.25'',2003,221.615,278.13
256,Sam Hoskin,-%,-,-,8' 11.5'',6' 10.75'',2003,210.185,273.05
257,Josh Howard,6.00%,-,-,8' 9.5'',7' 2'',2003,218.44,267.97
258,Brandon Hunter,8.00%,-,-,8' 9.5'',7' 2.75'',2003,220.345,267.97
259,Sani Ibrahim,9.30%,-,-,9' 1.5'',7' 1'',2003,215.9,278.13
260,Michael Ignerski,10.50%,-,-,8' 11'',6' 10.75'',2003,210.185,271.78000000000003
261,Robert Jackson,15.90%,-,-,8' 11.5'',7' 0'',2003,213.36,273.05
262,LeBron James,6.70%,-,-,8' 10.25'',7' 0.25'',2003,213.995,269.875
263,Britton Johnsen,7.30%,-,-,8' 11.5'',6' 10.75'',2003,210.185,273.05
264,Dahntay Jones,2.60%,-,-,8' 6.5'',6' 9'',2003,205.74,260.35
265,James Jones,6.70%,-,-,8' 11.5'',7' 2.5'',2003,219.71,273.05
266,Chris Kaman,16.30%,-,-,9' 2.5'',6' 11.75'',2003,212.725,280.67
267,Jason Kapono,11.70%,-,-,8' 6'',6' 6.5'',2003,199.39000000000001,259.08
268,Jason Keep,8.60%,-,-,8' 10.5'',7' 0.5'',2003,214.63,270.51
269,Bernard King,12.90%,-,-,8' 2.5'',6' 5.5'',2003,196.85,250.19
270,Brandin Knight,10.50%,-,-,7' 11.5'',6' 6'',2003,198.12,242.57
271,Kyle Korver,6.70%,-,-,8' 6.5'',6' 9.5'',2003,207.01,260.35
272,James Lang,21.40%,-,-,9' 2'',7' 6.25'',2003,229.235,279.4
273,Donald Little,7.30%,-,-,8' 1'',7' 3'',2003,220.98,246.38
274,Chris Marcus,23.10%,-,-,9' 6'',7' 8'',2003,233.68,289.56
275,Chris Massie,14.80%,-,-,8' 10.5'',7' 1'',2003,215.9,270.51
276,Will McDonald,13.60%,-,-,9' 1.5'',7' 3.5'',2003,222.25,278.13
277,Darko Milicic,8.00%,-,-,9' 3.5'',7' 5'',2003,226.06,283.21
278,Jeff Newton,5.30%,-,-,8' 10'',7' 1'',2003,215.9,269.24
279,Uche Nsonwu-Amadi,6.00%,-,-,8' 10.5'',7' 3.75'',2003,222.885,270.51
280,Ugonna Okyekwe,4.30%,-,-,9' 1'',7' 3'',2003,220.98,276.86
281,Marlon Parmer,9.30%,-,-,8' 1'',6' 3.5'',2003,191.77,246.38
282,Stephane Pelle,12.40%,-,-,8' 11'',7' 2'',2003,218.44,271.78000000000003
283,Kirk Penney,8.00%,-,-,8' 1'',6' 5.25'',2003,196.215,246.38
284,Pavel Podkolzin,16.30%,-,-,9' 8'',7' 5.75'',2003,227.965,294.64
285,Josh Powell,8.00%,-,-,8' 11.5'',7' 1'',2003,215.9,273.05
286,Hollis Price,7.30%,-,-,7' 10.5'',6' 4.5'',2003,194.31,240.03
287,Luke Ridnour,5.30%,-,-,7' 11.5'',6' 3'',2003,190.5,242.57
288,Joe Shipp,11.70%,-,-,8' 7'',6' 10'',2003,208.28,261.62
289,Ron Slay,16.30%,-,-,8' 7.5'',6' 10'',2003,208.28,262.89
290,Tommy Smith,6.70%,-,-,8' 11.5'',7' 2.5'',2003,219.71,273.05
291,Theron Smith,9.30%,-,-,8' 8.5'',6' 10.25'',2003,208.915,265.43
292,Marvin Stone,17.40%,-,-,9' 1.5'',7' 3.5'',2003,222.25,278.13
293,Michael Sweetney,14.10%,-,-,8' 11.5'',7' 1'',2003,215.9,273.05
294,Sasha Vujacic,14.10%,-,-,8' 5'',6' 5.5'',2003,196.85,256.54
295,Dwyane Wade,6.70%,-,-,8' 6'',6' 10.75'',2003,210.185,259.08
296,Wayne Wallace,4.60%,-,-,9' 0'',7' 2'',2003,218.44,274.32
297,Luke Walton,9.30%,-,-,8' 8'',6' 8.5'',2003,204.47,264.16
298,David West,8.00%,-,-,9' 0.25'',7' 4.25'',2003,224.155,274.955
299,Mo Williams,6.70%,-,-,8' 2.5'',6' 5.5'',2003,196.85,250.19
300,Wesley Wilson,12.40%,-,-,9' 2.5'',7' 3'',2003,220.98,280.67
301,Doug Wrenn,7.30%,-,-,8' 4.5'',7' 7.5'',2003,232.41,255.27
302,Derrick Zimmerman,5.30%,-,-,8' .25'',6' 9'',2003,205.74,244.475
303,Tony Allen,6.70%,-,-,8' 6'',6' 9'',2004,205.74,259.08
304,Trevor Ariza,8.00%,-,-,8' 11.5'',7' 2'',2004,218.44,273.05
305,Andre Barrett,6.70%,-,-,7' 8'',6' 1'',2004,185.42000000000002,233.68
306,Brandon Bass,9.30%,-,-,8' 10.5'',7' 2.5'',2004,219.71,270.51
307,Andris Biedrins,9.30%,-,-,,,2004,,
308,Tony Bobbitt,7.30%,-,-,8' 4'',6' 7'',2004,200.66,254.0
309,Brian Boddicker,11.20%,-,-,8' 9.5'',6' 10'',2004,208.28,267.97
310,Tim Bowers,2.60%,-,-,8' 2'',6' 9'',2004,205.74,248.92000000000002
311,Andre Brown,6.00%,-,-,8' 11'',6' 11'',2004,210.82,271.78000000000003
312,Antonio Burks,9.90%,-,-,8' 0.5'',6' 6.5'',2004,199.39000000000001,245.11
313,Jackie Butler,16.30%,-,-,9' 1'',7' 1.5'',2004,217.17000000000002,276.86
314,Aleksandar Capin,9.30%,-,-,7' 10'',6' 1.5'',2004,186.69,238.76
315,Ales Chan,14.80%,-,-,9' 5'',7' 3'',2004,220.98,287.02
316,Josh Childress,9.30%,-,-,8' 9'',6' 11'',2004,210.82,266.7
317,TJ Cummings,6.70%,-,-,8' 10.5'',6' 9.5'',2004,207.01,270.51
318,Erik Daniels,18.50%,-,-,8' 10'',6' 11'',2004,210.82,269.24
319,Luol Deng,6.70%,-,-,9' 0.5'',7' 0.5'',2004,214.63,275.59000000000003
320,Marcus Douthit,13.70%,-,-,9' 3.5'',7' 4'',2004,223.52,283.21
321,Chris Duhon,6.70%,-,-,8' 2'',6' 6.5'',2004,199.39000000000001,248.92000000000002
322,John Edwards,14.10%,-,-,9' 5'',7' 4.5'',2004,224.79,287.02
323,Andre Emmett,6.70%,-,-,8' 4'',6' 9'',2004,205.74,254.0
324,Desmon Farmer,5.30%,-,-,8' 7'',6' 8.5'',2004,204.47,261.62
325,Luis Flores,6.00%,-,-,8' 2.5'',6' 7.5'',2004,201.93,250.19
326,Matt Freije,10.80%,-,-,9' 0.5'',7' 1'',2004,215.9,275.59000000000003
327,Chris Garnett,14.80%,-,-,9' 0'',7' 1'',2004,215.9,274.32
328,Ryan Gomes,-%,-,-,8' 10.5'',7' 2'',2004,218.44,270.51
329,Ben Gordon,5.30%,-,-,8' 3'',6' 8.5'',2004,204.47,251.46
330,Devin Harris,5.30%,-,-,8' 2.5'',6' 7.5'',2004,201.93,250.19
331,Dwight Howard,10.50%,-,-,9' 3.5'',7' 4.5'',2004,224.79,283.21
332,Rolando Howell,11.70%,-,-,8' 11'',7' 0.5'',2004,214.63,271.78000000000003
333,Kris Humphries,6.70%,-,-,8' 10.5'',7' 0.5'',2004,214.63,270.51
334,Andre Iguodala,6.70%,-,-,8' 9.5'',6' 11'',2004,210.82,267.97
335,Martin Iti,10.50%,-,-,9' 3.5'',7' 5'',2004,226.06,283.21
336,Luke Jackson,8.00%,-,-,8' 7'',6' 8.5'',2004,204.47,261.62
337,Al Jefferson,10.50%,-,-,9' 2'',7' 2.5'',2004,219.71,279.4
338,Arthur Johnson,16.30%,-,-,9' 1'',7' 3'',2004,220.98,276.86
339,Ivan Koljevic,6.70%,-,-,7' 11'',6' 2.5'',2004,189.23,241.3
340,Herve Lamizana,6.70%,-,-,8' 11'',7' 1.5'',2004,217.17000000000002,271.78000000000003
341,Sergei Lishouk,10.50%,-,-,9' 1.5'',7' 0'',2004,213.36,278.13
342,Shaun Livingston,6.70%,-,-,8' 9.5'',6' 11'',2004,210.82,267.97
343,Jaime Lloreda,9.90%,-,-,8' 11'',6' 9.5'',2004,207.01,271.78000000000003
344,Bryant Matthews,6.70%,-,-,8' 9.5'',7' 0.5'',2004,214.63,267.97
345,Marcus Melvin,10.50%,-,-,8' 9.5'',7' 0'',2004,213.36,267.97
346,Rich Melzer,12.40%,-,-,8' 11'',7' 2'',2004,218.44,271.78000000000003
347,Ricky Minard,8.00%,-,-,8' 5.5'',6' 7'',2004,200.66,257.81
348,James Moore,8.00%,-,-,8' 11'',7' 0.5'',2004,214.63,271.78000000000003
349,Marcus Moore,14.80%,-,-,8' 5.5'',6' 9'',2004,205.74,257.81
350,Michel Morandais,8.60%,-,-,8' 6'',6' 11.5'',2004,212.09,259.08
351,Jameer Nelson,8.00%,-,-,7' 11'',6' 2.5'',2004,189.23,241.3
352,Misan Nikagbatse,12.90%,-,-,8' 6'',6' 10'',2004,208.28,259.08
353,Emeka Okafor,5.30%,-,-,9' 2.5'',7' 4'',2004,223.52,280.67
354,Randall Orr,6.70%,-,-,8' 11.5'',6' 10.5'',2004,209.55,273.05
355,Dylan Page,12.30%,-,-,8' 9'',6' 7'',2004,200.66,266.7
356,Drago Pasalic,12.90%,-,-,9' 0'',6' 11.5'',2004,212.09,274.32
357,Rickey Paulding,5.30%,-,-,8' 5.5'',6' 9.5'',2004,207.01,257.81
358,Kelvin Pena,8.60%,-,-,8' 3.5'',6' 6.5'',2004,199.39000000000001,252.73
359,Tim Pickett,6.00%,-,-,8' 4.5'',6' 7.5'',2004,201.93,255.27
360,Omar Quintero,14.10%,-,-,7' 8.5'',5' 11.5'',2004,181.61,234.95000000000002
361,Peter Ramos,6.70%,-,-,9' 3.5'',7' 5.5'',2004,227.33,283.21
362,Jared Reiner,12.90%,-,-,9' 1'',7' 0.5'',2004,214.63,276.86
363,Lawrence Roberts,9.30%,-,-,8' 10.5'',6' 9.5'',2004,207.01,270.51
364,Bernard Robinson,6.00%,-,-,8' 6'',6' 10'',2004,208.28,259.08
365,Nate Robinson,6.70%,-,-,7' 7.5'',6' 1'',2004,185.42000000000002,232.41
366,Aerick Sanders,6.70%,-,-,8' 10'',6' 11.5'',2004,212.09,269.24
367,Romain Sato,6.00%,-,-,8' 6.5'',6' 11'',2004,210.82,260.35
368,Blagota Sekulic,9.30%,-,-,8' 11'',6' 11'',2004,210.82,271.78000000000003
369,Josh Smith,6.70%,-,-,8' 10.5'',7' 0'',2004,213.36,270.51
370,J.R. Smith,6.70%,-,-,8' 8'',6' 10'',2004,208.28,264.16
371,Kirk Snyder,9.30%,-,-,8' 8'',6' 9'',2004,205.74,264.16
372,Pape Sow,9.30%,-,-,9' 0.5'',7' 2'',2004,218.44,275.59000000000003
373,Tiago Splitter,5.30%,-,-,9' 1.5'',7' 2'',2004,218.44,278.13
374,Blake Stepp,8.00%,-,-,,,2004,,
375,Tom Timmerrmans,15.20%,-,-,8' 11.5'',6' 11'',2004,210.82,273.05
376,Marko Tomas,9.30%,-,-,8' 7.5'',6' 7'',2004,200.66,262.89
377,Beno Udrih,9.30%,-,-,8' 2'',6' 4.5'',2004,194.31,248.92000000000002
378,Jackson Vroman,6.70%,-,-,8' 9.5'',7' 0'',2004,213.36,267.97
379,Delonte West,6.70%,-,-,8' 3.5'',6' 6'',2004,198.12,252.73
380,Damien Wilkins,7.30%,-,-,8' 10'',7' 0'',2004,213.36,269.24
381,Mike Williams,9.30%,-,-,8' 9.5'',6' 11.5'',2004,212.09,267.97
382,Nate Williams,12.40%,-,-,9' 1.5'',7' 1.5'',2004,217.17000000000002,278.13
383,Rashad Wright,8.00%,-,-,8' 2.5'',6' 10'',2004,208.28,250.19
384,Alex Acker,-%,-,-,8' 6.5'',7' 0'',2005,213.36,260.35
385,Deji Akindele,-%,-,-,9' 0.5'',7' 3'',2005,220.98,275.59000000000003
386,Mustafa Al-Sayyad,-%,-,-,,,2005,,
387,Nemanja Aleksandrov,-%,-,-,9' 2'',6' 11'',2005,210.82,279.4
388,Alan Anderson,-%,-,-,8' 8'',6' 9.5'',2005,207.01,264.16
389,Martynas Andriuskevicius,-%,-,-,9' 4.5'',6' 11.25'',2005,211.455,285.75
390,Sean Banks,-%,-,-,9' 0'',7' 1'',2005,215.9,274.32
391,Eddie Basden,-%,-,-,8' 5'',6' 10.25'',2005,208.915,256.54
392,Mike Bell,-%,-,-,8' 8.5'',7' 1.5'',2005,217.17000000000002,265.43
393,Andrew Bogut,-%,-,-,9' 2.5'',7' 3'',2005,220.98,280.67
394,Dee Brown,-%,-,-,7' 10'',6' 2'',2005,187.96,238.76
395,Will Bynum,-%,-,-,7' 9'',6' 3.5'',2005,191.77,236.22
396,Marcus Campbell,-%,-,-,9' 6'',7' 6'',2005,228.6,289.56
397,Will Conroy,-%,-,-,8' 0.5'',6' 3'',2005,190.5,245.11
398,Taylor Coppenrath,-%,-,-,8' 10.5'',6' 11.5'',2005,212.09,270.51
399,Travis Diener,-%,-,-,7' 9.5'',5' 11.75'',2005,182.245,237.49
400,Ike Diogu,-%,-,-,9' 1'',7' 3.5'',2005,222.25,276.86
401,Daryl Dorsey,-%,-,-,7' 10'',5' 11.5'',2005,181.61,238.76
402,Monta Ellis,-%,-,-,8' 2'',6' 2.75'',2005,189.865,248.92000000000002
403,Raymond Felton,-%,-,-,8' 2'',6' 4.25'',2005,193.675,248.92000000000002
404,Rudy Fernandez,-%,-,-,8' 5.5'',6' 7.5'',2005,201.93,257.81
405,D'Or Fischer,-%,-,-,9' 2.5'',7' 6'',2005,228.6,280.67
406,Eddy Fobbs,-%,-,-,9' 3.5'',7' 6.75'',2005,230.505,283.21
407,Sharrod Ford,-%,-,-,8' 10'',7' 1.5'',2005,217.17000000000002,269.24
408,Channing Frye,-%,-,-,9' 2.5'',7' 2.5'',2005,219.71,280.67
409,Deng Gai,-%,-,-,9' 2.5'',7' 4.5'',2005,224.79,280.67
410,Francisco Garcia,-%,-,-,8' 7'',6' 10.75'',2005,210.185,261.62
411,John Gilchrist,-%,-,-,8' 0.5'',6' 9.25'',2005,206.375,245.11
412,Marcin Gortat,-%,-,-,9' 2'',7' 3.5'',2005,222.25,279.4
413,Joey Graham,-%,-,-,8' 8'',6' 8'',2005,203.2,264.16
414,Danny Granger,-%,-,-,8' 7'',7' 1.5'',2005,217.17000000000002,261.62
415,Gerald Green,-%,-,-,8' 8'',6' 9.75'',2005,207.645,264.16
416,Charles Hayes,-%,-,-,8' 8.5'',6' 10'',2005,208.28,265.43
417,Luther Head,-%,-,-,8' 2.5'',6' 5.25'',2005,196.215,250.19
418,Julius Hodge,-%,-,-,8' 11.5'',7' 0.5'',2005,214.63,273.05
419,Jared Homan,-%,-,-,8' 8.5'',7' 1.25'',2005,216.535,265.43
420,Ersan Ilyasova,-%,-,-,9' 1.5'',7' 1.25'',2005,216.535,278.13
421,Jarrett Jack,-%,-,-,8' 4'',6' 7.5'',2005,201.93,254.0
422,Dwayne Jones,-%,-,-,9' 0.5'',7' 2.75'',2005,220.345,275.59000000000003
423,Mindaugas Katelynas,-%,-,-,8' 9.5'',6' 11'',2005,210.82,267.97
424,Jason Klotz,-%,-,-,8' 11.5'',6' 10'',2005,208.28,273.05
425,Carl Krauser,-%,-,-,8' 2.5'',6' 5.5'',2005,196.85,250.19
426,Keith Langford,-%,-,-,8' 5'',6' 9'',2005,205.74,256.54
427,David Lee,-%,-,-,8' 10.5'',7' 0'',2005,213.36,270.51
428,David Lucas,-%,-,-,8' 7.5'',7' 0'',2005,213.36,262.89
429,John Lucas III,-%,-,-,7' 8'',6' 0'',2005,182.88,233.68
430,Rawle Marshall,-%,-,-,8' 8'',7' 1'',2005,215.9,264.16
431,Jason Maxiell,-%,-,-,8' 11'',7' 3.25'',2005,221.615,271.78000000000003
432,Sean May,-%,-,-,8' 9'',7' 1.25'',2005,216.535,266.7
433,Rashad McCants,-%,-,-,8' 7.5'',6' 10.75'',2005,210.185,262.89
434,Ivan McFarlin,-%,-,-,8' 9.5'',6' 9'',2005,205.74,267.97
435,Juan Mendez,-%,-,-,8' 10.5'',7' 0'',2005,213.36,270.51
436,Aaron Miles,-%,-,-,7' 10'',6' 3.5'',2005,191.77,238.76
437,Ellis Myles,-%,-,-,8' 9.5'',6' 9.75'',2005,207.645,267.97
438,Larry O'Bannon,-%,-,-,8' 3.5'',6' 6'',2005,198.12,252.73
439,Drago Pasalic,-%,-,-,9' 0.5'',6' 11.75'',2005,212.725,275.59000000000003
440,Chris Paul,-%,-,-,7' 9'',6' 4.25'',2005,193.675,236.22
441,Kevin Pittsnogle,-%,-,-,8' 10'',6' 10.5'',2005,209.55,269.24
442,Roger Powell,-%,-,-,8' 8'',6' 11.5'',2005,212.09,264.16
443,Carlos Powell,-%,-,-,8' 9'',6' 10.75'',2005,210.185,266.7
444,Ronnie Price,-%,-,-,8' 0.5'',6' 5.5'',2005,196.85,245.11
445,Anthony Roberson,-%,-,-,7' 11'',6' 2.75'',2005,189.865,241.3
446,Brandon Rush,-%,-,-,8' 8.5'',6' 11.25'',2005,211.455,265.43
447,Luke Schenscher,-%,-,-,9' 3.5'',7' 5'',2005,226.06,283.21
448,Wayne Simien,-%,-,-,8' 11'',7' 0'',2005,213.36,271.78000000000003
449,Tre Simmons,-%,-,-,8' 6.5'',6' 7.5'',2005,201.93,260.35
450,David Simon,-%,-,-,9' 0'',7' 3.5'',2005,222.25,274.32
451,Chris Taft,-%,-,-,9' 1'',7' 1.75'',2005,217.805,276.86
452,Omar Thomas,-%,-,-,8' 6'',6' 8'',2005,203.2,259.08
453,Chris Thomas,-%,-,-,7' 11'',6' 3'',2005,190.5,241.3
454,Dijon Thompson,-%,-,-,8' 9.5'',6' 9.75'',2005,207.645,267.97
455,Ronny Turiaf,-%,-,-,8' 10.5'',7' 1.5'',2005,217.17000000000002,270.51
456,Charlie Villanueva,-%,-,-,9' 1'',7' 0.25'',2005,213.995,276.86
457,Hakim Warrick,-%,-,-,9' 0'',7' 2'',2005,218.44,274.32
458,Martell Webster,-%,-,-,8' 10'',6' 11'',2005,210.82,269.24
459,Robert Whaley,-%,-,-,9' 0'',7' 2'',2005,218.44,274.32
460,Marvin Williams,-%,-,-,9' 0'',7' 3.5'',2005,222.25,274.32
461,Deron Williams,-%,-,-,8' 2'',6' 6.25'',2005,198.755,248.92000000000002
462,Jawad Williams,-%,-,-,8' 10.5'',7' 1.25'',2005,216.535,270.51
463,Antoine Wright,-%,-,-,8' 8.5'',6' 8.75'',2005,205.105,265.43
464,Bracey Wright,-%,-,-,8' 4.5'',6' 10'',2005,208.28,255.27
465,Kenny Adeleke,10.50%,-,-,8' 8'',6' 10.25'',2006,208.915,264.16
466,Maurice Ager,8.00%,-,-,8' 5.5'',6' 7.75'',2006,202.565,257.81
467,LaMarcus Aldridge,8.70%,-,-,9' 2'',7' 4.75'',2006,225.425,279.4
468,Morris Almond,6.90%,-,-,8' 6.5'',6' 10'',2006,208.28,260.35
469,Lou Amundson,6.80%,-,-,8' 7.5'',6' 11.5'',2006,212.09,262.89
470,Rashad Anderson,17.30%,-,-,8' 4'',6' 7'',2006,200.66,254.0
471,Hilton Armstrong,6.30%,-,-,9' 1'',7' 4'',2006,223.52,276.86
472,James Augustine,5.50%,-,-,8' 8'',7' 0.25'',2006,213.995,264.16
473,Renaldo Balkman,4.90%,-,-,8' 8.5'',7' 1'',2006,215.9,265.43
474,J.P. Batista,12.00%,-,-,8' 7.5'',6' 10'',2006,208.28,262.89
475,Will Blalock,7.20%,-,-,8' 0.5'',6' 6'',2006,198.12,245.11
476,Brandon Bowman,8.40%,-,-,8' 7'',6' 11.5'',2006,212.09,261.62
477,Ronnie Brewer,5.00%,-,-,8' 7.5'',6' 11.25'',2006,211.455,262.89
478,Denham Brown,9.00%,-,-,8' 6.5'',6' 9.5'',2006,207.01,260.35
479,Brad Buckman,10.50%,-,-,8' 11.5'',7' 0'',2006,213.36,273.05
480,Nik Caner-Medley,9.60%,-,-,8' 7'',6' 9'',2006,205.74,261.62
481,Rodney Carney,5.30%,-,-,8' 7.5'',6' 10'',2006,208.28,262.89
482,Keydren Clark,11.60%,-,-,7' 8.5'',6' 2.5'',2006,189.23,234.95000000000002
483,Mardy Collins,10.00%,-,-,8' 7'',6' 10'',2006,208.28,261.62
484,Taquan Dean,3.90%,-,-,8' 2'',6' 6.75'',2006,200.025,248.92000000000002
485,Terence Dials,15.80%,-,-,8' 10'',7' 0'',2006,213.36,269.24
486,Sean Dockery,7.30%,-,-,7' 11.5'',6' 4.5'',2006,194.31,242.57
487,Jordan Farmar,4.40%,-,-,7' 10.5'',6' 3'',2006,190.5,240.03
488,Randy Foye,10.00%,-,-,8' 1'',6' 6.25'',2006,198.755,246.38
489,Torin Francis,12.40%,-,-,8' 9.5'',7' 1'',2006,215.9,267.97
490,Rudy Gay,5.70%,-,-,8' 11.5'',7' 3'',2006,220.98,273.05
491,Nick George,6.00%,-,-,8' 7'',6' 10'',2006,208.28,261.62
492,Taj Gray,6.80%,-,-,8' 11'',7' 0.75'',2006,215.26500000000001,271.78000000000003
493,Dan Grunfeld,10.40%,-,-,8' 3'',6' 6.25'',2006,198.755,251.46
494,Matt Haryasz,9.80%,-,-,8' 11.5'',7' 0.25'',2006,213.995,273.05
495,Eric Hicks,7.10%,-,-,8' 9.5'',7' 1.5'',2006,217.17000000000002,267.97
496,Tedric Hill,7.30%,-,-,8' 11'',7' 1'',2006,215.9,271.78000000000003
497,Daniel Horton,8.00%,-,-,8' 0.5'',6' 7'',2006,200.66,245.11
498,Solomon Jones,7.40%,-,-,9' 1'',7' 4.75'',2006,225.425,276.86
499,Bobby Jones,8.00%,-,-,8' 5.5'',6' 9.5'',2006,207.01,257.81
500,Viktor Keyru,5.50%,-,-,8' 8'',6' 9.25'',2006,206.375,264.16
501,Marco Killingsworth,19.00%,-,-,8' 8'',7' 3'',2006,220.98,264.16
502,Tarence Kinsey,4.10%,-,-,8' 4.5'',6' 6.75'',2006,200.025,255.27
503,Carl Krauser,8.00%,-,-,8' 1'',6' 6.25'',2006,198.755,246.38
504,Chris McCray,9.60%,-,-,8' 0.5'',6' 5.75'',2006,197.485,245.11
505,Gerry McNamara,12.80%,-,-,7' 8.5'',6' 0.75'',2006,184.785,234.95000000000002
506,Pops Mensah-Bonsu,5.80%,-,-,8' 9.5'',7' 0'',2006,213.36,267.97
507,Paul Miller,13.80%,-,-,8' 5.5'',7' 0'',2006,213.36,257.81
508,Paul Millsap,9.70%,-,-,8' 9.5'',7' 1.5'',2006,217.17000000000002,267.97
509,Dwayne Mitchell,4.50%,-,-,8' 2.5'',6' 6.5'',2006,199.39000000000001,250.19
510,Adam Morrison,6.80%,-,-,8' 9'',6' 10'',2006,208.28,266.7
511,Yemi Nicholson,17.20%,-,-,8' 11'',7' 4.25'',2006,224.155,271.78000000000003
512,David Noel,6.10%,-,-,8' 4'',6' 9.5'',2006,207.01,254.0
513,Steve Novak,8.10%,-,-,8' 7'',6' 9.5'',2006,207.01,261.62
514,Patrick O'Bryant,10.00%,-,-,9' 5'',7' 5.75'',2006,227.965,287.02
515,Danilo Pinnock,4.60%,-,-,8' 4.5'',6' 7.5'',2006,201.93,255.27
516,Chris Quinn,5.90%,-,-,7' 10'',6' 5'',2006,195.58,238.76
517,Allan Ray,9.80%,-,-,8' 3.5'',6' 8.5'',2006,204.47,252.73
518,JJ Redick,7.00%,-,-,8' 1.5'',6' 3.25'',2006,191.135,247.65
519,Antywane Robinson,6.90%,-,-,8' 9.5'',7' 2.5'',2006,219.71,267.97
520,Brandon Roy,7.60%,-,-,8' 5'',6' 8'',2006,203.2,256.54
521,Blake Schilb,11.30%,-,-,8' 6'',6' 8.75'',2006,205.105,259.08
522,Mouhamed Sene,6.60%,-,-,9' 5'',7' 8.5'',2006,234.95000000000002,287.02
523,Cedric Simmons,5.60%,-,-,9' 0.5'',7' 4.25'',2006,224.155,275.59000000000003
524,Marcus Slaughter,8.50%,-,-,8' 8.5'',6' 11.5'',2006,212.09,265.43
525,Craig Smith,12.20%,-,-,8' 7.5'',6' 9.5'',2006,207.01,262.89
526,Steven Smith,7.80%,-,-,8' 8'',7' 0.5'',2006,214.63,264.16
527,Michael Southhall,7.90%,-,-,8' 11.5'',7' 4.25'',2006,224.155,273.05
528,Frans Steyn,12.80%,-,-,9' 1'',7' 2.25'',2006,219.07500000000002,276.86
529,Curtis Stinson,6.00%,-,-,8' 1.5'',6' 5'',2006,195.58,247.65
530,Tyrus Thomas,5.60%,-,-,9' 0'',7' 3'',2006,220.98,274.32
531,Joah Tucker,7.00%,-,-,8' 3.5'',6' 6.5'',2006,199.39000000000001,252.73
532,Ian Vouyoukas,14.80%,-,-,9' 0.5'',7' 0.75'',2006,215.26500000000001,275.59000000000003
533,Darius Washington,9.70%,-,-,8' 0'',6' 4'',2006,193.04,243.84
534,CJ Watson,5.20%,-,-,8' 0'',6' 6'',2006,198.12,243.84
535,Eric Williams,13.00%,-,-,8' 10.5'',7' 4.25'',2006,224.155,270.51
536,Shelden Williams,11.40%,-,-,8' 8'',7' 4.25'',2006,224.155,264.16
537,Shawne Williams,8.00%,-,-,8' 8'',7' 3'',2006,220.98,264.16
538,Marcus Williams,12.40%,-,-,8' 1.5'',6' 7'',2006,200.66,247.65
539,Justin Williams,6.50%,-,-,9' 1'',7' 1.5'',2006,217.17000000000002,276.86
540,Curtis Withers,5.00%,-,-,8' 5'',6' 10'',2006,208.28,256.54
541,Mohamed Abukar,8.90%,-,-,8' 7'',6' 9'',2007,205.74,261.62
542,Mario Boggan,9.20%,-,-,8' 11'',7' 2'',2007,218.44,271.78000000000003
543,Craig Bradshaw,12.10%,-,-,8' 10.5'',7' 1.5'',2007,217.17000000000002,270.51
544,Corey Brewer,4.20%,-,-,8' 7'',6' 8.25'',2007,203.835,261.62
545,Aaron Brooks,2.70%,-,-,7' 10'',6' 4'',2007,193.04,238.76
546,Bobby Brown,6.60%,-,-,7' 11.5'',6' 4'',2007,193.04,242.57
547,Russell Carter,6.00%,-,-,8' 1.5'',6' 8.5'',2007,204.47,247.65
548,Coleman Collins,6.20%,-,-,8' 11'',7' 2'',2007,218.44,271.78000000000003
549,Mike Conley,4.20%,-,-,7' 10.5'',6' 5.75'',2007,197.485,240.03
550,Daequan Cook,7.00%,-,-,8' 5.5'',6' 8.25'',2007,203.835,257.81
551,Ryvon Covile,8.00%,-,-,8' 11.5'',7' 1.25'',2007,216.535,273.05
552,Javaris Crittenton,4.50%,-,-,8' 2'',6' 5.5'',2007,196.85,248.92000000000002
553,Jermareo Davidson,6.90%,-,-,9' 1.5'',7' 4'',2007,223.52,278.13
554,Justin Doellman,7.00%,-,-,8' 9'',6' 8.75'',2007,205.105,266.7
555,Zabian Dowdell,5.10%,-,-,8' 4'',6' 10'',2007,208.28,254.0
556,Jared Dudley,7.10%,-,-,8' 6'',6' 7'',2007,200.66,259.08
557,Kevin Durant,6.60%,-,-,9' 2'',7' 4.75'',2007,225.425,279.4
558,Rashaun Freeman,11.50%,-,-,8' 8'',6' 11.5'',2007,212.09,264.16
559,Aaron Gray,10.80%,-,-,9' 0.5'',7' 3.25'',2007,221.615,275.59000000000003
560,Caleb Green,10.90%,-,-,8' 7'',6' 11.75'',2007,212.725,261.62
561,Jeff Green,3.70%,-,-,8' 7'',7' 1.25'',2007,216.535,261.62
562,Taurean Green,4.60%,-,-,8' 0'',6' 2.25'',2007,188.595,243.84
563,Spencer Hawes,13.00%,-,-,9' 2'',7' 0.5'',2007,214.63,279.4
564,Brandon Heath,9.00%,-,-,7' 10'',6' 7'',2007,200.66,238.76
565,Herbert Hill,5.60%,-,-,9' 0.5'',7' 2.25'',2007,219.07500000000002,275.59000000000003
566,Al Horford,9.10%,-,-,8' 11'',7' 0.75'',2007,215.26500000000001,271.78000000000003
567,Quinton Hosley,5.70%,-,-,8' 9'',6' 11.25'',2007,211.455,266.7
568,James Hughes,3.50%,-,-,9' 3'',7' 3'',2007,220.98,281.94
569,Jeremy Hunt,5.20%,-,-,8' 5.5'',6' 8.25'',2007,203.835,257.81
570,Ekene Ibekwe,3.20%,-,-,8' 8'',7' 6'',2007,228.6,264.16
571,Dominic James,4.80%,-,-,7' 9'',6' 2'',2007,187.96,236.22
572,Trey Johnson,5.40%,-,-,8' 2'',6' 5'',2007,195.58,248.92000000000002
573,Rashad Jones-Jennings,5.90%,-,-,8' 9.5'',7' 0'',2007,213.36,267.97
574,Jared Jordan,7.00%,-,-,7' 10'',6' 0'',2007,182.88,238.76
575,Coby Karl,5.40%,-,-,8' 3.5'',6' 11'',2007,210.82,252.73
576,Antanas Kavaliauskas,7.70%,-,-,8' 10.5'',6' 10.5'',2007,209.55,270.51
577,Carl Landry,7.50%,-,-,8' 6.5'',6' 11'',2007,210.82,260.35
578,Stephane Lasme,4.90%,-,-,8' 11'',7' 2'',2007,218.44,271.78000000000003
579,Acie Law,5.60%,-,-,8' 2'',6' 6.5'',2007,199.39000000000001,248.92000000000002
580,Marko Lekic,11.40%,-,-,9' 0.5'',7' 1'',2007,215.9,275.59000000000003
581,Ron Lewis,4.50%,-,-,8' 3'',6' 6.5'',2007,199.39000000000001,251.46
582,Cartier Martin,5.60%,-,-,8' 7.5'',6' 10'',2007,208.28,262.89
583,Dominic McGuire,4.70%,-,-,8' 8'',6' 10.5'',2007,209.55,264.16
584,Josh McRoberts,13.70%,-,-,8' 10.5'',7' 1'',2007,215.9,270.51
585,Sammy Mejia,8.30%,-,-,8' 9'',6' 11'',2007,210.82,266.7
586,Brad Newley,8.00%,-,-,8' 6.5'',6' 8'',2007,203.2,260.35
587,Demetris Nichols,6.20%,-,-,8' 9'',7' 0.25'',2007,213.995,266.7
588,Joakim Noah,4.80%,-,-,8' 10.5'',7' 1.25'',2007,216.535,270.51
589,Greg Oden,7.80%,-,-,9' 4'',7' 4.25'',2007,224.155,284.48
590,Ivan Radenovic,9.80%,-,-,8' 10'',6' 11.75'',2007,212.725,269.24
591,JR Reynolds,8.20%,-,-,7' 11'',6' 3.25'',2007,191.135,241.3
592,Chris Richard,7.50%,-,-,9' 2.5'',7' 4.5'',2007,224.79,280.67
593,Dustin Salisbery,6.60%,-,-,8' 4.5'',6' 8'',2007,203.2,255.27
594,Blake Schilb,10.00%,-,-,8' 6.5'',6' 9'',2007,205.74,260.35
595,Renaldas Seibutis,6.10%,-,-,8' 5'',6' 8.75'',2007,205.105,256.54
596,Ramon Sessions,6.20%,-,-,8' 1.5'',6' 4.25'',2007,193.675,247.65
597,Mustafa Shakur,4.10%,-,-,8' 3'',6' 5.5'',2007,196.85,251.46
598,Jason Smith,7.50%,-,-,8' 10'',6' 10.75'',2007,210.185,269.24
599,DJ Strawberry,4.50%,-,-,8' 5'',6' 6.5'',2007,199.39000000000001,256.54
600,Rodney Stuckey,6.10%,-,-,8' 4.5'',6' 7.25'',2007,201.29500000000002,255.27
601,Curtis Sumpter,5.30%,-,-,8' 8'',6' 9.5'',2007,207.01,264.16
602,Yue Sun,5.10%,-,-,8' 9'',6' 9'',2007,205.74,266.7
603,Jamaal Tatum,5.00%,-,-,7' 9.5'',6' 2.5'',2007,189.23,237.49
604,Reyshawn Terry,8.90%,-,-,8' 7.5'',6' 10'',2007,208.28,262.89
605,Al Thornton,5.80%,-,-,8' 8'',7' 1'',2007,215.9,264.16
606,Anthony Tolliver,5.70%,-,-,8' 11.5'',7' 2.5'',2007,219.71,273.05
607,Ali Traore,12.10%,-,-,9' 0.5'',7' 4'',2007,223.52,275.59000000000003
608,Kyle Visser,10.20%,-,-,9' 0'',6' 11'',2007,210.82,274.32
609,Darryl Watkins,6.90%,-,-,9' 2'',7' 3'',2007,220.98,279.4
610,Major Wingate,6.70%,-,-,9' 1'',7' 4'',2007,223.52,276.86
611,DaShaun Wood,5.40%,-,-,7' 8'',6' 0.75'',2007,184.785,233.68
612,Brandan Wright,5.80%,-,-,9' 0.5'',7' 3.75'',2007,222.885,275.59000000000003
613,Julian Wright,6.10%,-,-,9' 0'',7' 2.25'',2007,219.07500000000002,274.32
614,Avis Wyatt,3.30%,-,-,8' 11'',7' 1'',2007,215.9,271.78000000000003
615,Jianlian Yi,-%,-,-,,,2007,,
616,Thaddeus Young,4.90%,-,-,8' 10'',6' 11.5'',2007,212.09,269.24
617,Nick Young,6.80%,-,-,8' 4.5'',7' 0'',2007,213.36,255.27
618,Joe Alexander,5.80%,-,-,8' 10'',6' 11.5'',2008,212.09,269.24
619,Darrell Arthur,7.30%,-,-,8' 11'',6' 10.75'',2008,210.185,271.78000000000003
620,D.J. Augustin,8.10%,-,-,7' 10.5'',6' 3.5'',2008,191.77,240.03
621,Jerryd Bayless,4.70%,-,-,8' 1'',6' 3.5'',2008,191.77,246.38
622,Michael Beasley,7.70%,-,-,8' 11'',7' 0.25'',2008,213.995,271.78000000000003
623,Ramel Bradley,5.70%,-,-,8' 2'',6' 5'',2008,195.58,248.92000000000002
624,Tyrone Brazelton,8.10%,-,-,7' 10'',6' 1.75'',2008,187.325,238.76
625,Takais Brown,9.20%,-,-,8' 10'',6' 10'',2008,208.28,269.24
626,Keith Brumbaugh,4.00%,-,-,8' 8.5'',6' 7.25'',2008,201.29500000000002,265.43
627,Stanley Burrell,5.60%,-,-,8' 1.5'',6' 6.25'',2008,198.755,247.65
628,Brian Butch,10.80%,-,-,9' 0'',6' 11.25'',2008,211.455,274.32
629,Jamar Butler,6.00%,-,-,8' 1'',6' 4.75'',2008,194.945,246.38
630,Pat Calathes,7.30%,-,-,8' 10'',6' 9.75'',2008,207.645,269.24
631,Joe Crawford,7.60%,-,-,8' 3.5'',6' 5.75'',2008,197.485,252.73
632,Chris Daniels,16.10%,-,-,9' 1'',7' 0.5'',2008,214.63,276.86
633,Joey Dorsey,9.00%,-,-,8' 11'',7' 1.75'',2008,217.805,271.78000000000003
634,Marcus Dove,5.30%,-,-,8' 9'',6' 11.5'',2008,212.09,266.7
635,Josh Duncan,5.40%,-,-,8' 8.5'',6' 11.5'',2008,212.09,265.43
636,Frank Elegar,4.50%,-,-,8' 10'',7' 3.25'',2008,221.615,269.24
637,Patrick Ewing Jr.,9.40%,-,-,8' 1.5'',7' 0.25'',2008,213.995,247.65
638,Gary Forbes,6.50%,-,-,8' 8.5'',6' 11.25'',2008,211.455,265.43
639,Shan Foster,6.30%,-,-,8' 7.5'',6' 11.5'',2008,212.09,262.89
640,J.R. Giddens,5.40%,-,-,8' 7'',6' 11.25'',2008,211.455,261.62
641,James Gist,4.80%,-,-,8' 11.5'',7' 4'',2008,223.52,273.05
642,Vladimir Golubovic,6.90%,-,-,9' 3.5'',7' 2.5'',2008,219.71,283.21
643,Eric Gordon,8.20%,-,-,8' 3'',6' 9'',2008,205.74,251.46
644,Kentrell Gransberry,17.40%,-,-,8' 10'',6' 10.25'',2008,208.915,269.24
645,Donte Greene,7.60%,-,-,9' 0'',6' 10'',2008,208.28,274.32
646,Malik Hairston,6.90%,-,-,8' 7.5'',6' 9'',2008,205.74,262.89
647,DeVon Hardin,5.80%,-,-,9' 1.5'',7' 3'',2008,220.98,278.13
648,Richard Hendrix,9.20%,-,-,9' 0'',7' 3'',2008,220.98,274.32
649,George Hill,3.00%,-,-,8' 1.5'',6' 9'',2008,205.74,247.65
650,Kyle Hines,3.60%,-,-,8' 8.5'',7' 1.25'',2008,216.535,265.43
651,Jiri Hubalek,8.80%,-,-,9' 1'',6' 10.75'',2008,210.185,276.86
652,Lester Hudson,3.40%,-,-,8' 2.5'',6' 8.75'',2008,205.105,250.19
653,Othello Hunter,6.40%,-,-,9' 1.5'',7' 3'',2008,220.98,278.13
654,Darnell Jackson,12.50%,-,-,8' 10.5'',6' 11.25'',2008,211.455,270.51
655,Shawn James,9.20%,-,-,9' 3'',7' 5'',2008,226.06,281.94
656,Davon Jefferson,12.00%,-,-,8' 9'',6' 9.5'',2008,207.01,266.7
657,Joseph Jones,12.20%,-,-,8' 11'',7' 0.25'',2008,213.995,271.78000000000003
658,DeAndre Jordan,7.50%,-,-,9' 5.5'',7' 6'',2008,228.6,288.29
659,Sasha Kaun,9.60%,-,-,9' 2'',7' 4'',2008,223.52,279.4
660,Marcelus Kemp,9.00%,-,-,8' 7.5'',6' 8.5'',2008,204.47,262.89
661,Maarty Leunen,8.90%,-,-,8' 6.5'',6' 8'',2008,203.2,260.35
662,Longar Longar,10.60%,-,-,9' 1.5'',7' 1.25'',2008,216.535,278.13
663,Brook Lopez,6.30%,-,-,9' 5'',7' 5.5'',2008,227.33,287.02
664,Kevin Love,12.90%,-,-,8' 10'',6' 11.25'',2008,211.455,269.24
665,Aleks Maric,10.10%,-,-,9' 1.5'',7' 1'',2008,215.9,278.13
666,O.J. Mayo,6.30%,-,-,8' 3.5'',6' 6'',2008,198.12,252.73
667,James Mays,8.80%,-,-,8' 9'',7' 1.75'',2008,217.805,266.7
668,Luc Mbah a Moute,7.00%,-,-,8' 7.5'',7' 2.5'',2008,219.71,262.89
669,JaVale McGee,5.30%,-,-,9' 6.5'',7' 6'',2008,228.6,290.83
670,Drew Neitzel,6.20%,-,-,7' 11'',6' 2.5'',2008,189.23,241.3
671,DeMarcus Nelson,4.50%,-,-,8' 2.5'',6' 10'',2008,208.28,250.19
672,David Padgett,9.00%,-,-,9' 1.5'',7' 1'',2008,215.9,278.13
673,Jeremy Pargo,7.60%,-,-,8' 0'',6' 5'',2008,195.58,243.84
674,Trent Plaisted,11.00%,-,-,8' 9.5'',6' 10.5'',2008,209.55,267.97
675,Quan Prowell,6.50%,-,-,8' 7.5'',6' 10.5'',2008,209.55,262.89
676,Shaun Pruitt,13.80%,-,-,8' 11.5'',7' 1'',2008,215.9,273.05
677,Anthony Randolph,4.70%,-,-,9' 1'',7' 3'',2008,220.98,276.86
678,Charles Rhodes,10.70%,-,-,8' 11.5'',6' 11.25'',2008,211.455,273.05
679,John Riek,11.00%,-,-,,7' 8.75'',2008,235.585,
680,Brian Roberts,3.60%,-,-,7' 11'',6' 1.25'',2008,186.055,241.3
681,Russell Robinson,7.40%,-,-,8' 4.5'',6' 8'',2008,203.2,255.27
682,Richard Roby,9.20%,-,-,8' 8'',6' 9.75'',2008,207.645,264.16
683,Derrick Rose,4.60%,-,-,8' 2.5'',6' 8'',2008,203.2,250.19
684,Sean Singletary,4.20%,-,-,7' 11'',6' 4.5'',2008,194.31,241.3
685,Ronald Steele,8.10%,-,-,8' 1.5'',6' 4.25'',2008,193.675,247.65
686,Bryce Taylor,8.30%,-,-,8' 3.5'',6' 9'',2008,205.74,252.73
687,Mike Taylor,3.80%,-,-,8' 2'',6' 7.25'',2008,201.29500000000002,248.92000000000002
688,Mark Tyndale,6.70%,-,-,8' 7.5'',6' 11'',2008,210.82,262.89
689,Robert Vaden,6.20%,-,-,8' 5'',6' 8'',2008,203.2,256.54
690,Deron Washington,7.20%,-,-,8' 6.5'',6' 9'',2008,205.74,260.35
691,Sonny Weems,4.40%,-,-,8' 8'',6' 10'',2008,208.28,264.16
692,Russell Westbrook,4.80%,-,-,8' 4'',6' 7.75'',2008,202.565,254.0
693,Reggie Williams,5.30%,-,-,8' 7'',6' 9.25'',2008,206.375,261.62
694,Jeff Adrien,7.90%,-,-,8' 11.5'',7' 2'',2009,218.44,273.05
695,Jeff Ayres,5.50%,-,-,8' 11'',7' 1'',2009,215.9,271.78000000000003
696,Rodrigue Beaubois,7.90%,-,-,8' 4'',6' 9.75'',2009,207.645,254.0
697,DeJuan Blair,12.00%,-,-,8' 10.5'',7' 2'',2009,218.44,270.51
698,Derrick Brown,8.60%,-,-,8' 11.5'',7' 2.5'',2009,219.71,273.05
699,Chase Budinger,10.00%,-,-,8' 5'',6' 7'',2009,200.66,256.54
700,DeMarre Carroll,6.30%,-,-,8' 9'',6' 10'',2009,208.28,266.7
701,Omri Casspi,8.60%,-,-,8' 10.5'',6' 9.25'',2009,206.375,270.51
702,Dionte Christmas,7.10%,-,-,8' 6.5'',6' 9'',2009,205.74,260.35
703,Earl Clark,5.20%,-,-,9' 1.5'',7' 2.5'',2009,219.71,278.13
704,Darren Collison,5.70%,-,-,8' 0.5'',6' 3'',2009,190.5,245.11
705,Dante Cunningham,4.80%,-,-,8' 10.5'',6' 11'',2009,210.82,270.51
706,Stephen Curry,5.70%,-,-,8' 1'',6' 3.5'',2009,191.77,246.38
707,Austin Daye,5.50%,-,-,9' 2'',7' 2.75'',2009,220.345,279.4
708,DeMar DeRozan,4.90%,-,-,8' 6.5'',6' 9'',2009,205.74,260.35
709,Toney Douglas,5.20%,-,-,8' 1.5'',6' 6'',2009,198.12,247.65
710,Wayne Ellington,5.50%,-,-,8' 4'',6' 6.5'',2009,199.39000000000001,254.0
711,Tyreke Evans,7.10%,-,-,8' 8'',6' 11.25'',2009,211.455,264.16
712,Jonny Flynn,6.30%,-,-,7' 11.5'',6' 4'',2009,193.04,242.57
713,Taj Gibson,6.60%,-,-,9' 1'',7' 4'',2009,223.52,276.86
714,Danny Green,5.60%,-,-,8' 7'',6' 10'',2009,208.28,261.62
715,Blake Griffin,8.20%,-,-,8' 9'',6' 11.25'',2009,211.455,266.7
716,Tyler Hansbrough,8.50%,-,-,8' 10'',6' 11.5'',2009,212.09,269.24
717,James Harden,10.10%,-,-,8' 7.5'',6' 10.75'',2009,210.185,262.89
718,Gerald Henderson,4.40%,-,-,8' 6.5'',6' 10.25'',2009,208.915,260.35
719,Josh Heytvelt,10.80%,-,-,9' 0'',7' 1.25'',2009,216.535,274.32
720,Jordan Hill,6.00%,-,-,9' 0'',7' 1.5'',2009,217.17000000000002,274.32
721,Jrue Holiday,6.30%,-,-,8' 4.5'',6' 7'',2009,200.66,255.27
722,Joe Ingles,10.10%,-,-,8' 9'',6' 10.25'',2009,208.915,266.7
723,James Johnson,12.00%,-,-,8' 9.5'',7' 0.75'',2009,215.26500000000001,267.97
724,Ty Lawson,6.60%,-,-,7' 10.5'',6' 0.75'',2009,184.785,240.03
725,Eric Maynor,5.40%,-,-,8' 1'',6' 2.5'',2009,189.23,246.38
726,Jack McClinton,6.20%,-,-,8' 0'',6' 2.5'',2009,189.23,243.84
727,Jerel McNeal,5.40%,-,-,8' 3.5'',6' 7.25'',2009,201.29500000000002,252.73
728,Jodie Meeks,8.00%,-,-,8' 2'',6' 4.5'',2009,194.31,248.92000000000002
729,Patty Mills,6.90%,-,-,7' 11'',6' 2'',2009,187.96,241.3
730,Byron Mullens,8.50%,-,-,9' 3'',7' 1.5'',2009,217.17000000000002,281.94
731,A.J. Price,12.40%,-,-,8' 1'',6' 3.75'',2009,192.405,246.38
732,Tyler Smith,7.00%,-,-,8' 8.5'',6' 9.75'',2009,207.645,265.43
733,DaJuan Summers,6.60%,-,-,8' 10.5'',7' 0.75'',2009,215.26500000000001,270.51
734,Jermaine Taylor,5.80%,-,-,8' 5'',6' 8.75'',2009,205.105,256.54
735,Jeff Teague,4.50%,-,-,8' 2.5'',6' 7.5'',2009,201.93,250.19
736,Hasheem Thabeet,6.70%,-,-,9' 5'',7' 6.25'',2009,229.235,287.02
737,Marcus Thornton,4.80%,-,-,8' 3'',6' 5'',2009,195.58,251.46
738,Terrence Williams,5.10%,-,-,8' 7.5'',6' 9'',2009,205.74,262.89
739,Sam Young,4.90%,-,-,8' 9.5'',6' 10.75'',2009,210.185,267.97
740,Solomon Alabi,5.00%,9.25,9.25,9' 5'',7' 5'',2010,226.06,287.02
741,Cole Aldrich,8.50%,9.0,9.25,9' 3.5'',7' 4.75'',2010,225.425,283.21
742,Al-Farouq Aminu,8.20%,9.5,9.5,9' 0.5'',7' 3.25'',2010,221.615,275.59000000000003
743,James Anderson,7.90%,8.5,7.25,8' 8'',6' 8.5'',2010,204.47,264.16
744,Luke Babbitt,5.60%,8.5,10.0,8' 8.5'',6' 11.25'',2010,211.455,265.43
745,Eric Bledsoe,5.60%,8.5,9.75,8' 2'',6' 7.5'',2010,201.93,248.92000000000002
746,Trevor Booker,7.30%,9.0,9.5,8' 10'',6' 9.75'',2010,207.645,269.24
747,Craig Brackins,7.90%,9.5,11.25,9' 1'',7' 0'',2010,213.36,276.86
748,Avery Bradley,4.00%,8.25,9.5,8' 2.5'',6' 7.25'',2010,201.29500000000002,250.19
749,Derrick Caracter,12.80%,9.0,10.25,8' 11.5'',7' 0.25'',2010,213.995,273.05
750,Sherron Collins,9.20%,8.5,9.5,7' 10'',6' 2.5'',2010,189.23,238.76
751,DeMarcus Cousins,16.40%,9.25,10.0,9' 5'',7' 5.75'',2010,227.965,287.02
752,Jordan Crawford,4.90%,8.0,9.0,8' 5'',6' 7'',2010,200.66,256.54
753,Ed Davis,10.00%,9.25,10.0,9' 0'',7' 0'',2010,213.36,274.32
754,Devin Ebanks,7.90%,8.25,9.0,8' 11.5'',7' 0.25'',2010,213.995,273.05
755,Derrick Favors,6.50%,8.75,9.25,9' 2'',7' 4'',2010,223.52,279.4
756,Keith Gallon,15.10%,9.25,10.5,9' 1.5'',7' 4.5'',2010,224.79,278.13
757,Charles Garcia,7.00%,8.75,9.0,8' 11.5'',7' 1.75'',2010,217.805,273.05
758,Paul George,5.00%,8.5,9.0,8' 11'',6' 11.25'',2010,211.455,271.78000000000003
759,Luke Harangody,11.10%,8.75,9.75,8' 10'',6' 9.5'',2010,207.01,269.24
760,Manny Harris,3.80%,8.5,9.0,8' 6'',6' 7.25'',2010,201.29500000000002,259.08
761,Gordon Hayward,6.90%,8.5,9.25,8' 7'',6' 7.75'',2010,202.565,261.62
762,Lazar Hayward,7.50%,9.25,9.5,8' 6'',7' 0.75'',2010,215.26500000000001,259.08
763,Xavier Henry,4.70%,8.75,10.0,8' 9'',6' 11.25'',2010,211.455,266.7
764,Darington Hobson,6.20%,8.25,9.0,8' 8.5'',6' 9.25'',2010,206.375,265.43
765,Damion James,9.60%,9.25,8.5,8' 11'',7' 0.75'',2010,215.26500000000001,271.78000000000003
766,Wesley Johnson,4.60%,9.0,9.5,8' 10'',7' 1'',2010,215.9,269.24
767,Armon Johnson,5.60%,8.25,9.25,8' 3.5'',6' 8'',2010,203.2,252.73
768,Dominique Jones,5.90%,9.0,10.25,8' 5'',6' 9.25'',2010,206.375,256.54
769,Jerome Jordan,6.90%,9.0,10.25,9' 5'',7' 5.25'',2010,226.695,287.02
770,Sylven Landesberg,11.60%,8.75,10.75,8' 4.5'',6' 9'',2010,205.74,255.27
771,Gani Lawal,6.30%,8.5,10.0,8' 11.5'',7' 0'',2010,213.36,273.05
772,Greg Monroe,11.20%,8.75,9.5,9' 0.5'',7' 2.25'',2010,219.07500000000002,275.59000000000003
773,Daniel Orton,13.80%,8.5,9.75,9' 2.5'',7' 4.25'',2010,224.155,280.67
774,Artsiom Parakhouski,6.00%,9.0,10.5,9' 1.5'',7' 1'',2010,215.9,278.13
775,Patrick Patterson,5.30%,9.25,10.25,8' 11'',7' 1.25'',2010,216.535,271.78000000000003
776,Dexter Pittman,20.80%,10.25,10.5,9' 3'',7' 6'',2010,228.6,281.94
777,Andy Rautins,6.20%,8.0,9.75,8' 4'',6' 7'',2010,200.66,254.0
778,Ryan Richards,8.00%,9.0,9.75,9' 2'',7' 1.5'',2010,217.17000000000002,279.4
779,Stanley Robinson,8.30%,9.0,9.0,8' 11.5'',7' 0'',2010,213.36,273.05
780,Larry Sanders,4.60%,9.75,11.0,9' 4'',7' 5.75'',2010,227.965,284.48
781,Jon Scheyer,5.40%,7.75,9.5,8' 3'',6' 3.25'',2010,191.135,251.46
782,Lance Stephenson,9.30%,9.0,10.25,8' 7'',6' 10.5'',2010,209.55,261.62
783,Mikhail Torrance,7.00%,8.75,9.5,8' 7'',6' 7.5'',2010,201.93,261.62
784,Evan Turner,8.60%,8.75,9.5,8' 7.5'',6' 8'',2010,203.2,262.89
785,Ekpe Udoh,8.00%,9.5,8.75,8' 10.5'',7' 4.5'',2010,224.79,270.51
786,Jarvis Varnado,9.50%,9.25,9.5,9' 1.5'',7' 3.5'',2010,222.25,278.13
787,Greivis Vasquez,8.60%,7.75,9.25,8' 5'',6' 7'',2010,200.66,256.54
788,John Wall,5.60%,8.25,9.5,8' 5.5'',6' 9.25'',2010,206.375,257.81
789,Willie Warren,7.60%,8.5,9.5,8' 3.5'',6' 6'',2010,198.12,252.73
790,Terrico White,3.70%,9.0,10.5,8' 5'',6' 9'',2010,205.74,256.54
791,Hassan Whiteside,5.50%,8.25,10.25,9' 5'',7' 7'',2010,231.14000000000001,287.02
792,Keith Benson,6.10%,9.5,11.0,9' 1.5'',7' 3.75'',2011,222.885,278.13
793,Marshon Brooks,5.20%,9.0,10.5,8' 5'',7' 1'',2011,215.9,256.54
794,Alec Burks,5.10%,9.0,8.25,8' 7.5'',6' 10'',2011,208.28,262.89
795,Jimmy Butler,5.40%,9.0,9.0,8' 5.5'',6' 7.5'',2011,201.93,257.81
796,Norris Cole,4.70%,8.5,9.5,7' 11.5'',6' 2.25'',2011,188.595,242.57
797,Jon Diebler,8.50%,8.25,8.25,8' 3'',6' 6'',2011,198.12,251.46
798,Michael Dunigan,8.00%,9.0,10.75,8' 11.5'',7' 3.25'',2011,221.615,273.05
799,LaceDarius Dunn,5.50%,9.0,10.25,8' 5'',6' 6.25'',2011,198.755,256.54
800,Kenneth Faried,6.30%,8.5,10.25,9' 0'',7' 0'',2011,213.36,274.32
801,James Fredette,7.70%,8.0,8.5,8' 0.5'',6' 4.5'',2011,194.31,245.11
802,Andrew Goudelock,9.90%,8.25,9.25,8' 0.5'',6' 4.25'',2011,193.675,245.11
803,Jordan Hamilton,9.80%,9.0,9.25,8' 8'',6' 9.5'',2011,207.01,264.16
804,Justin Harper,4.00%,9.0,9.25,8' 10'',6' 11.75'',2011,212.725,269.24
805,Tobias Harris,8.40%,8.75,9.0,8' 7.5'',6' 11'',2011,210.82,262.89
806,Tyler Honeycutt,5.30%,8.5,9.5,8' 9'',6' 9'',2011,205.74,266.7
807,Scotty Hopson,4.80%,8.5,10.0,8' 7.5'',6' 10.5'',2011,209.55,262.89
808,Kyrie Irving,10.20%,8.25,9.25,8' 3'',6' 4'',2011,193.04,251.46
809,Rick Jackson,8.30%,8.75,9.5,8' 10.5'',7' 2'',2011,218.44,270.51
810,Charles Jenkins,4.30%,8.5,9.0,8' 0.5'',6' 7.5'',2011,201.93,245.11
811,JaJuan Johnson,7.50%,9.0,10.0,8' 11.5'',7' 2'',2011,218.44,273.05
812,Cory Joseph,9.70%,8.5,10.5,8' 3'',6' 5.5'',2011,196.85,251.46
813,Enes Kanter,5.90%,9.5,10.75,9' 1.5'',7' 1.5'',2011,217.17000000000002,278.13
814,Brandon Knight,4.20%,8.25,9.5,8' 2.5'',6' 6.75'',2011,200.025,250.19
815,Malcolm Lee,5.90%,8.5,9.5,8' 5.5'',6' 9.75'',2011,207.645,257.81
816,Kawhi Leonard,5.40%,9.75,11.25,8' 10'',7' 3'',2011,220.98,269.24
817,Travis Leslie,8.10%,8.75,9.25,8' 7'',6' 10.5'',2011,209.55,261.62
818,Jon Leuer,5.40%,8.75,9.75,8' 9.5'',7' 0'',2011,213.36,267.97
819,DeAndre Liggins,5.00%,8.75,10.0,8' 7.5'',6' 11'',2011,210.82,262.89
820,David Lighty,6.50%,9.0,10.0,8' 5'',6' 8'',2011,203.2,256.54
821,Shelvin Mack,7.10%,8.25,9.25,8' 0.5'',6' 7.5'',2011,201.93,245.11
822,Demetri McCamey,6.10%,8.5,9.0,8' 3.5'',6' 6.25'',2011,198.755,252.73
823,E'Twaun Moore,7.60%,9.0,10.0,8' 3.5'',6' 9.5'',2011,207.01,252.73
824,Markieff Morris,10.20%,8.5,8.25,8' 10.5'',6' 10.75'',2011,210.185,270.51
825,Marcus Morris,8.00%,8.25,8.5,8' 9.5'',6' 10'',2011,208.28,267.97
826,Darius Morris,5.30%,8.75,10.0,8' 6'',6' 7.5'',2011,201.93,259.08
827,Chandler Parsons,7.00%,8.25,10.0,8' 8.5'',6' 9.5'',2011,207.01,265.43
828,Jereme Richmond,5.50%,8.75,9.5,8' 10.5'',6' 10.25'',2011,208.915,270.51
829,Josh Selby,7.90%,8.5,9.0,8' 2'',6' 5.25'',2011,196.215,248.92000000000002
830,Iman Shumpert,6.50%,9.0,9.0,8' 3.5'',6' 9.5'',2011,207.01,252.73
831,Kyle Singler,10.00%,8.25,8.75,8' 10'',6' 10.1'',2011,208.534,269.24
832,Chris Singleton,7.40%,9.25,10.0,8' 7.5'',7' 1'',2011,215.9,262.89
833,Jamie Skeen,9.80%,8.5,8.5,8' 10.5'',7' 1.25'',2011,216.535,270.51
834,Gregory Smith,7.40%,9.75,12.0,8' 10.5'',7' 2.5'',2011,219.71,270.51
835,Nolan Smith,5.60%,8.5,9.25,8' 3'',6' 5.5'',2011,196.85,251.46
836,Malcolm Thomas,5.90%,9.5,10.5,8' 11.5'',7' 0.5'',2011,214.63,273.05
837,Isaiah Thomas,6.70%,8.25,9.0,7' 7.5'',6' 1.75'',2011,187.325,232.41
838,Trey Thompkins,15.50%,9.25,9.75,8' 11.5'',7' 1'',2011,215.9,273.05
839,Klay Thompson,8.00%,8.75,9.25,8' 7.5'',6' 9'',2011,205.74,262.89
840,Tristan Thompson,6.20%,8.75,9.25,9' 0.5'',7' 1.25'',2011,216.535,275.59000000000003
841,Jeremy Tyler,13.40%,9.25,9.0,9' 2.5'',7' 5'',2011,226.06,280.67
842,Nikola Vucevic,6.10%,9.25,10.25,9' 4.5'',7' 4.5'',2011,224.79,285.75
843,Kemba Walker,5.90%,8.0,9.0,7' 7.5'',6' 3.5'',2011,191.77,232.41
844,Derrick Williams,10.80%,9.0,9.75,9' 0'',7' 1.5'',2011,217.17000000000002,274.32
845,Jordan Williams,12.10%,9.25,10.0,8' 10.5'',7' 0.25'',2011,213.995,270.51
846,Quincy Acy,7.10%,9.5,11.0,8' 10.5'',7' 2.75'',2012,220.345,270.51
847,Harrison Barnes,9.60%,9.0,8.5,8' 5.5'',6' 11.25'',2012,211.455,257.81
848,Will Barton,4.10%,9.0,9.5,8' 6.5'',6' 9.75'',2012,207.645,260.35
849,Bradley Beal,6.00%,8.5,9.0,8' 4'',6' 8'',2012,203.2,254.0
850,J'Covan Brown,12.50%,7.75,8.25,8' 0'',6' 5.25'',2012,196.215,243.84
851,William Buford,11.30%,8.75,10.0,8' 6'',6' 9.5'',2012,207.01,259.08
852,Jae Crowder,9.00%,9.5,10.5,8' 3.5'',6' 9.25'',2012,206.375,252.73
853,Jared Cunningham,3.60%,8.25,9.0,8' 2'',6' 6.5'',2012,199.39000000000001,248.92000000000002
854,Anthony Davis,7.90%,9.0,8.5,9' 0'',7' 5.5'',2012,227.33,274.32
855,Marcus Denmon,6.60%,8.25,9.75,7' 10.5'',6' 5'',2012,195.58,240.03
856,Andre Drummond,7.50%,9.5,9.5,9' 1.5'',7' 6.25'',2012,229.235,278.13
857,Kim English,4.30%,8.5,8.75,8' 2'',6' 6.5'',2012,199.39000000000001,248.92000000000002
858,Festus Ezeli,5.50%,9.0,10.75,9' 0'',7' 5.75'',2012,227.965,274.32
859,Drew Gordon,9.10%,8.5,9.75,8' 7.5'',6' 11.5'',2012,212.09,262.89
860,JaMychal Green,9.80%,9.25,9.25,8' 10.5'',7' 2.25'',2012,219.07500000000002,270.51
861,Draymond Green,11.30%,9.0,9.5,8' 9'',7' 1.25'',2012,216.535,266.7
862,Maurice Harkless,5.30%,9.25,10.25,8' 6.5'',7' 0'',2012,213.36,260.35
863,John Henson,8.60%,9.25,10.0,9' 4'',7' 5'',2012,226.06,284.48
864,Tu Holloway,8.50%,8.75,10.0,7' 10.5'',6' 5.5'',2012,196.85,240.03
865,Robbie Hummel,9.40%,8.5,9.5,8' 6'',6' 8.5'',2012,204.47,259.08
866,Bernard James,5.00%,9.0,9.25,9' 0.5'',7' 3'',2012,220.98,275.59000000000003
867,John Jenkins,7.10%,9.0,9.0,8' 2'',6' 8.5'',2012,204.47,248.92000000000002
868,Orlando Johnson,7.00%,9.0,9.5,8' 3'',6' 11.25'',2012,211.455,251.46
869,Darius Johnson-Odom,7.00%,8.75,8.75,8' 0'',6' 7'',2012,200.66,243.84
870,Terrence Jones,7.70%,9.0,10.0,8' 11'',7' 2.25'',2012,219.07500000000002,271.78000000000003
871,Perry Jones,4.60%,9.25,9.5,8' 11'',7' 1.75'',2012,217.805,271.78000000000003
872,Kevin Jones,11.20%,9.0,7.75,8' 9'',7' 1.5'',2012,217.17000000000002,266.7
873,Kris Joseph,8.60%,9.0,9.0,8' 8'',6' 11'',2012,210.82,264.16
874,Michael Kidd-Gilchrist,7.00%,9.0,10.25,8' 8.5'',7' 0'',2012,213.36,265.43
875,Jeremy Lamb,4.50%,8.75,9.25,8' 6'',6' 11'',2012,210.82,259.08
876,Doron Lamb,6.70%,8.5,8.75,8' 2.5'',6' 6.75'',2012,200.025,250.19
877,Meyers Leonard,5.70%,9.25,11.0,9' 0'',7' 3'',2012,220.98,274.32
878,Damian Lillard,5.90%,8.75,9.75,7' 11.5'',6' 7.75'',2012,202.565,242.57
879,Scott Machado,5.80%,8.5,9.5,7' 10.5'',6' 4'',2012,193.04,240.03
880,Kendall Marshall,7.80%,8.5,9.0,8' 0'',6' 5.5'',2012,196.85,243.84
881,Fab Melo,9.20%,9.0,10.0,9' 2'',7' 2.5'',2012,219.71,279.4
882,Khris Middleton,7.80%,9.0,9.0,8' 7'',6' 10.75'',2012,210.185,261.62
883,Darius Miller,7.50%,8.5,8.75,8' 5'',6' 9'',2012,205.74,256.54
884,Quincy Miller,7.80%,9.25,10.25,8' 9'',7' 1.25'',2012,216.535,266.7
885,Tony Mitchell,5.70%,8.5,10.0,8' 4'',6' 10'',2012,208.28,254.0
886,Arnett Moultrie,7.70%,9.25,9.25,8' 10.5'',7' 2.25'',2012,219.07500000000002,270.51
887,Kevin Murphy,5.80%,8.5,8.5,8' 3'',6' 6.75'',2012,200.025,251.46
888,Andrew Nicholson,7.60%,10.0,10.75,8' 11'',7' 4'',2012,223.52,271.78000000000003
889,Kyle O'Quinn,8.00%,9.5,10.0,8' 10.5'',7' 4.75'',2012,225.425,270.51
890,Miles Plumlee,11.40%,9.25,9.0,8' 9.5'',7' 0.75'',2012,215.26500000000001,267.97
891,Austin Rivers,6.20%,8.5,10.0,8' 0.5'',6' 7.25'',2012,201.29500000000002,245.11
892,Thomas Robinson,5.00%,9.75,10.5,8' 10'',7' 3.25'',2012,221.615,269.24
893,Terrence Ross,3.20%,8.75,10.25,8' 4.5'',6' 7.25'',2012,201.29500000000002,255.27
894,Tomas Satoransky,5.20%,8.5,9.5,8' 4'',6' 7.25'',2012,201.29500000000002,254.0
895,Mike Scott,10.60%,8.5,9.0,8' 8'',6' 10.75'',2012,210.185,264.16
896,Henry Sims,7.70%,9.25,10.0,9' 0'',7' 4'',2012,223.52,274.32
897,Jared Sullinger,10.70%,9.25,9.75,8' 9.5'',7' 1.25'',2012,216.535,267.97
898,Jeff Taylor,4.20%,8.25,9.75,8' 5.5'',6' 6.25'',2012,198.755,257.81
899,Tyshawn Taylor,4.20%,8.75,8.75,8' 1.5'',6' 6.25'',2012,198.755,247.65
900,Jordan Taylor,5.50%,8.25,9.5,7' 8.5'',6' 3'',2012,190.5,234.95000000000002
901,Marquis Teague,6.30%,8.25,7.75,8' 0.5'',6' 7.25'',2012,201.29500000000002,245.11
902,Hollis Thompson,6.00%,8.25,9.75,8' 6.5'',6' 9.5'',2012,207.01,260.35
903,Dion Waiters,8.50%,8.5,9.5,8' 2'',6' 7.25'',2012,201.29500000000002,248.92000000000002
904,Royce White,10.60%,9.5,11.5,8' 8.5'',7' 0'',2012,213.36,265.43
905,Tony Wroten,5.20%,8.0,9.0,8' 5'',6' 9'',2012,205.74,256.54
906,Tyler Zeller,6.40%,9.0,9.75,8' 8.5'',7' 0'',2012,213.36,265.43
907,Steven Adams,6.65%,9.5,11.0,9' 1.5'',7' 4.5'',2013,224.79,278.13
908,Vander Blue,4.60%,8.5,9.5,8' 4.5'',6' 6'',2013,198.12,255.27
909,Lorenzo Brown,3.95%,8.25,8.5,8' 4'',6' 7'',2013,200.66,254.0
910,Reggie Bullock,6.95%,8.5,9.0,8' 6'',6' 8.75'',2013,205.105,259.08
911,Trey Burke,6.90%,8.25,8.75,8' 1.5'',6' 5.5'',2013,196.85,247.65
912,Kentavious Caldwell-Pope,6.45%,8.5,9.0,8' 4.5'',6' 8'',2013,203.2,255.27
913,Isaiah Canaan,5.90%,8.25,9.5,7' 10.5'',6' 4.5'',2013,194.31,240.03
914,Jackie Carmichael,5.80%,9.0,10.25,8' 11'',7' 1.5'',2013,217.17000000000002,271.78000000000003
915,Michael Carter-Williams,4.40%,7.5,8.5,8' 5'',6' 7.25'',2013,201.29500000000002,256.54
916,Will Clyburn,6.85%,9.25,10.25,8' 9'',7' 0.25'',2013,213.995,266.7
917,Robert Covington,4.70%,9.0,8.5,8' 10'',7' 1.75'',2013,217.805,269.24
918,Allen Crabbe,4.65%,8.25,8.5,8' 7.5'',6' 11.25'',2013,211.455,262.89
919,Seth Curry,9.60%,8.0,8.25,8' 1.5'',6' 4'',2013,193.04,247.65
920,Brandon Davies,8.60%,9.0,11.0,9' 0.5'',7' 1.5'',2013,217.17000000000002,275.59000000000003
921,Dewayne Dedmon,8.35%,9.0,11.0,9' 1'',7' 4'',2013,223.52,276.86
922,Gorgui Dieng,5.35%,9.0,10.0,9' 3.5'',7' 3.5'',2013,222.25,283.21
923,James Ennis,4.50%,8.5,8.75,8' 8.5'',6' 11.5'',2013,212.09,265.43
924,Carrick Felix,3.30%,8.5,9.5,8' 7.5'',6' 9.25'',2013,206.375,262.89
925,Jamaal Franklin,8.25%,8.5,8.25,8' 7.5'',6' 11.25'',2013,211.455,262.89
926,Rudy Gobert,4.40%,9.75,10.0,9' 7'',7' 8.5'',2013,234.95000000000002,292.1
927,Archie Goodwin,4.55%,8.5,9.0,8' 6'',6' 9.5'',2013,207.01,259.08
928,Erick Green,4.35%,8.5,9.0,8' 2'',6' 5.75'',2013,197.485,248.92000000000002
929,Tim Hardaway Jr.,6.05%,8.0,9.25,8' 5'',6' 7'',2013,200.66,256.54
930,Solomon Hill,7.60%,9.0,10.5,8' 7'',6' 9'',2013,205.74,261.62
931,Richard Howell,8.75%,8.75,9.5,8' 9.5'',6' 10.25'',2013,208.915,267.97
932,Colton Iverson,9.60%,9.25,9.5,9' 2'',7' 2'',2013,218.44,279.4
933,Pierre Jackson,4.50%,7.5,8.25,7' 6'',5' 10'',2013,177.8,228.6
934,Grant Jerrett,10.05%,8.5,9.25,9' 1'',7' 2'',2013,218.44,276.86
935,Myck Kabongo,6.00%,8.25,9.0,8' 2'',6' 6.25'',2013,198.755,248.92000000000002
936,Kenny Kadji,7.45%,9.0,10.25,8' 10.5'',7' 3'',2013,220.98,270.51
937,Ryan Kelly,14.75%,9.0,10.0,9' 2'',6' 11.5'',2013,212.09,279.4
938,Shane Larkin,3.80%,7.5,8.75,7' 5.5'',5' 10.75'',2013,179.705,227.33
939,Ricky Ledo,10.25%,8.5,9.25,8' 6.5'',6' 7.25'',2013,201.29500000000002,260.35
940,Alex Len,6.40%,9.0,10.75,,7' 3.5'',2013,222.25,
941,CJ Leslie,7.95%,8.75,9.0,8' 8.5'',7' 2.25'',2013,219.07500000000002,265.43
942,Trevor Mbakwe,5.90%,9.5,11.5,8' 10.5'',7' 4'',2013,223.52,270.51
943,Ray McCallum,7.30%,8.0,8.75,8' 0.5'',6' 3.25'',2013,191.135,245.11
944,CJ McCollum,8.60%,8.0,9.5,8' 0.5'',6' 6.25'',2013,198.755,245.11
945,Ben McLemore,5.00%,8.75,9.5,8' 4.5'',6' 7.75'',2013,202.565,255.27
946,Tony Mitchell,5.55%,9.0,10.0,8' 10.5'',7' 2.5'',2013,219.71,270.51
947,Shabazz Muhammad,9.00%,9.0,10.0,8' 8.5'',6' 11'',2013,210.82,265.43
948,Erik Murphy,7.95%,8.75,9.75,9' 0'',6' 10.5'',2013,209.55,274.32
949,Mike Muscala,6.80%,8.5,9.0,9' 0'',7' 1'',2013,215.9,274.32
950,Nerlens Noel,4.15%,9.5,10.0,9' 2'',7' 3.75'',2013,222.885,279.4
951,Victor Oladipo,6.55%,8.75,9.25,8' 4.5'',6' 9.25'',2013,206.375,255.27
952,Kelly Olynyk,6.65%,8.5,10.0,9' 0'',6' 9.75'',2013,207.645,274.32
953,Brandon Paul,5.25%,8.5,9.5,8' 2'',6' 10.25'',2013,208.915,248.92000000000002
954,Norvel Pelle,5.15%,8.75,9.5,9' 1'',7' 2.5'',2013,219.71,276.86
955,Mason Plumlee,6.15%,9.75,9.5,9' 0'',6' 11'',2013,210.82,274.32
956,Otto Porter,6.65%,8.75,9.25,8' 9.5'',7' 1.5'',2013,217.17000000000002,267.97
957,Phil Pressey,4.70%,7.75,9.75,7' 8'',6' 2.25'',2013,188.595,233.68
958,Glen Rice,8.45%,8.5,9.0,8' 5.5'',6' 9.25'',2013,206.375,257.81
959,Andre Roberson,7.05%,8.75,9.5,8' 8.5'',6' 11'',2013,210.82,265.43
960,Dennis Schroder,4.10%,8.75,10.5,8' 2'',6' 7.75'',2013,202.565,248.92000000000002
961,Peyton Siva,6.05%,8.0,9.75,7' 9'',6' 3'',2013,190.5,236.22
962,Tony Snell,4.85%,9.0,9.5,8' 9.5'',6' 11.5'',2013,212.09,267.97
963,James Southerland,8.05%,8.0,9.5,8' 10'',7' 1'',2013,215.9,269.24
964,Deshaun Thomas,9.10%,8.0,8.75,8' 8'',6' 10'',2013,208.28,264.16
965,Adonis Thomas,7.50%,9.25,9.5,8' 3'',7' 1'',2013,215.9,251.46
966,Jeff Withey,8.65%,9.0,9.75,9' 2.5'',7' 2'',2013,218.44,280.67
967,Nate Wolters,5.50%,8.25,8.75,8' 2'',6' 3.75'',2013,192.405,248.92000000000002
968,BJ Young,4.70%,8.5,9.5,8' 3'',6' 8.25'',2013,203.835,251.46
969,Cody Zeller,4.75%,8.5,10.5,8' 10'',6' 10.75'',2013,210.185,269.24
970,Jordan Adams,10.80%,8.5,7.5,8' 6'',6' 10'',2014,208.28,259.08
971,Kyle Anderson,13.35%,8.25,8.75,8' 11.5'',7' 2.75'',2014,220.345,273.05
972,Thanasis Antetokounmpo,6.05%,9.0,9.75,8' 8.5'',7' 0'',2014,213.36,265.43
973,Jordan Bachynski,7.45%,9.25,10.0,9' 0.5'',7' 4'',2014,223.52,275.59000000000003
974,Cameron Bairstow,8.70%,8.75,9.0,8' 11'',7' 0.75'',2014,215.26500000000001,271.78000000000003
975,Khem Birch,6.00%,9.0,8.5,8' 11'',7' 1'',2014,215.9,271.78000000000003
976,Jabari Brown,6.05%,9.0,9.25,8' 4'',6' 8.25'',2014,203.835,254.0
977,Markel Brown,4.20%,8.25,9.75,8' 4'',6' 8.75'',2014,205.105,254.0
978,Alec Brown,7.70%,9.25,8.75,9' 1'',7' 1.5'',2014,217.17000000000002,276.86
979,Deonte Burton,7.65%,8.25,8.0,8' 1.5'',6' 7'',2014,200.66,247.65
980,Semaj Christon,5.25%,8.5,8.25,8' 3'',6' 6.5'',2014,199.39000000000001,251.46
981,Jordan Clarkson,4.30%,8.25,9.0,8' 2'',6' 8'',2014,203.2,248.92000000000002
982,Aaron Craft,6.10%,7.75,8.5,7' 10.5'',6' 2'',2014,187.96,240.03
983,DeAndre Daniels,3.85%,9.25,10.5,8' 10.5'',7' 2'',2014,218.44,270.51
984,Spencer Dinwiddie,5.35%,8.25,9.0,8' 7'',6' 8.25'',2014,203.835,261.62
985,Cleanthony Early,4.45%,8.5,9.0,8' 5.5'',6' 10.75'',2014,210.185,257.81
986,Melvin Ejim,6.45%,8.75,9.25,8' 7.5'',6' 11.25'',2014,211.455,262.89
987,Tyler Ennis,6.20%,8.25,8.75,8' 2'',6' 7.25'',2014,201.29500000000002,248.92000000000002
988,Dante Exum,6.40%,8.5,9.5,8' 7'',6' 9.5'',2014,207.01,261.62
989,C.J. Fair,5.05%,9.0,9.0,8' 8'',6' 9.5'',2014,207.01,264.16
990,Aaron Gordon,5.05%,8.75,10.5,8' 9'',6' 11.75'',2014,212.725,266.7
991,Jerami Grant,3.75%,9.25,9.25,8' 11'',7' 2.75'',2014,220.345,271.78000000000003
992,P.J. Hairston,8.20%,8.75,9.75,8' 5'',6' 9'',2014,205.74,256.54
993,Gary Harris,4.55%,8.5,9.5,8' 0'',6' 6.75'',2014,200.025,243.84
994,Joe Harris,6.20%,8.5,9.75,8' 4'',6' 6'',2014,198.12,254.0
995,Rodney Hood,7.45%,8.5,8.5,8' 7'',6' 8.5'',2014,204.47,261.62
996,Cory Jefferson,5.25%,8.75,9.75,8' 9'',7' 0.5'',2014,214.63,266.7
997,Nick Johnson,6.05%,8.75,9.75,8' 0.5'',6' 7.25'',2014,201.29500000000002,245.11
998,Sean Kilpatrick,9.20%,9.0,9.0,8' 3'',6' 7'',2014,200.66,251.46
999,Alex Kirk,13.60%,9.25,10.5,9' 1.5'',7' 3.5'',2014,222.25,278.13
1000,Zach LaVine,4.70%,8.25,8.75,8' 4'',6' 8.25'',2014,203.835,254.0
1001,Devyn Marble,6.90%,8.25,8.5,8' 6'',6' 9'',2014,205.74,259.08
1002,James McAdoo,6.15%,9.25,9.0,8' 10.5'',7' 2.25'',2014,219.07500000000002,270.51
1003,K.J. McDaniels,4.45%,8.75,9.75,8' 6'',6' 11.25'',2014,211.455,259.08
1004,Doug McDermott,7.10%,8.75,9.75,8' 7'',6' 9.25'',2014,206.375,261.62
1005,Jordan McRae,5.20%,8.75,8.5,8' 8'',7' 0.5'',2014,214.63,264.16
1006,Shabazz Napier,7.35%,8.25,8.5,7' 9'',6' 3.25'',2014,191.135,236.22
1007,Johnny O?Bryant III,10.75%,9.25,9.5,8' 9'',7' 2.25'',2014,219.07500000000002,266.7
1008,Lamar Patterson,10.75%,9.0,9.25,8' 5'',6' 11'',2014,210.82,256.54
1009,Adreian Payne,7.55%,9.25,9.5,9' 1'',7' 4'',2014,223.52,276.86
1010,Elfrid Payton,5.65%,8.75,9.0,8' 2.5'',6' 8'',2014,203.2,250.19
1011,Dwight Powell,6.20%,9.0,9.25,8' 9'',7' 0.5'',2014,214.63,266.7
1012,Julius Randle,9.40%,8.75,8.25,8' 9.5'',7' 0'',2014,213.36,267.97
1013,Glenn Robinson III,5.05%,9.0,9.5,8' 4.5'',6' 10'',2014,208.28,255.27
1014,LaQuinton Ross,16.30%,8.75,9.75,8' 10'',7' 1.75'',2014,217.805,269.24
1015,Marcus Smart,10.55%,9.0,8.75,8' 3'',6' 9.25'',2014,206.375,251.46
1016,Russ Smith,3.50%,8.25,8.5,7' 11'',6' 3.5'',2014,191.77,241.3
1017,Nik Stauskas,12.05%,8.5,8.5,8' 6'',6' 7.75'',2014,202.565,259.08
1018,Jarnell Stokes,8.20%,9.75,10.5,8' 7.5'',7' 1.25'',2014,216.535,262.89
1019,Xavier Thames,6.40%,8.25,9.0,8' 0'',6' 4'',2014,193.04,243.84
1020,Noah Vonleh,7.30%,9.75,11.75,9' 0'',7' 4.25'',2014,224.155,274.32
1021,T.J. Warren,7.95%,8.75,9.0,8' 8'',6' 10.25'',2014,208.915,264.16
1022,C.J. Wilcox,6.50%,8.75,9.0,8' 4.5'',6' 9.75'',2014,207.645,255.27
1023,Kendall Williams,7.20%,8.0,7.75,8' 3'',6' 5.5'',2014,196.85,251.46
1024,James Young,5.10%,9.0,9.5,8' 8'',7' 0'',2014,213.36,264.16
1025,Patric Young,5.45%,9.25,9.5,8' 7.5'',7' 1.75'',2014,217.805,262.89
1026,Cliff Alexander,5.80%,9.5,10.25,9' 1.5'',7' 3.5'',2015,222.25,278.13
1027,Justin Anderson,5.00%,8.5,9.5,8' 5'',6' 11.75'',2015,212.725,256.54
1028,Brandon Ashley,8.80%,9.0,9.5,8' 9'',7' 3.75'',2015,222.885,266.7
1029,Ryan Boatright,6.60%,7.5,8.75,7' 8.5'',6' 0.5'',2015,184.15,234.95000000000002
1030,Devin Booker,8.30%,8.75,9.0,8' 6.5'',6' 8.25'',2015,203.835,260.35
1031,Anthony Brown,6.10%,8.5,9.0,8' 8.5'',6' 11'',2015,210.82,265.43
1032,Willie Cauley-Stein,6.30%,9.5,9.0,9' 3'',7' 3'',2015,220.98,281.94
1033,Rakeem Christmas,9.60%,9.25,9.0,9' 2.5'',7' 5.25'',2015,226.695,280.67
1034,Pat Connaughton,10.20%,8.5,9.25,8' 0'',6' 8'',2015,203.2,243.84
1035,Quinn Cook,6.70%,7.5,8.75,8' 0.5'',6' 4'',2015,193.04,245.11
1036,Branden Dawson,5.80%,9.0,8.75,8' 9'',6' 11'',2015,210.82,266.7
1037,Sam Dekker,7.50%,8.5,9.25,8' 10'',6' 11.5'',2015,212.09,269.24
1038,Michael Frazier II,7.40%,8.25,9.25,8' 5.5'',6' 8'',2015,203.2,257.81
1039,Treveon Graham,5.50%,8.5,8.25,8' 7'',6' 10.5'',2015,209.55,261.62
1040,Jerian Grant,5.60%,8.25,8.5,8' 4'',6' 7.5'',2015,201.93,254.0
1041,Olivier Hanlan,4.30%,8.0,8.75,8' 4'',6' 6'',2015,198.12,254.0
1042,Montrezl Harrell,11.90%,9.0,9.75,9' 1'',7' 4.25'',2015,224.155,276.86
1043,Aaron Harrison,6.00%,8.75,10.0,8' 4.5'',6' 8.25'',2015,203.835,255.27
1044,Andrew Harrison,5.90%,8.25,9.25,8' 4'',6' 9'',2015,205.74,254.0
1045,Tyler Harvey,9.20%,7.75,8.75,8' 2.5'',6' 5.5'',2015,196.85,250.19
1046,Corey Hawkins,5.50%,8.75,9.0,8' 3.5'',6' 8'',2015,203.2,252.73
1047,Rondae Hollis-Jefferson,5.00%,8.75,9.75,8' 8'',7' 2'',2015,218.44,264.16
1048,Jonathan Holmes,7.20%,8.25,9.5,8' 11.5'',6' 11.5'',2015,212.09,273.05
1049,Richaun Holmes,8.80%,8.5,8.5,9' 0'',7' 1.5'',2015,217.17000000000002,274.32
1050,R.J. Hunter,6.00%,8.5,8.25,8' 8'',6' 10.5'',2015,209.55,264.16
1051,Vince Hunter,4.60%,9.0,8.75,8' 8.5'',6' 11'',2015,210.82,265.43
1052,Dakari Johnson,14.90%,9.25,10.5,9' 4'',7' 2'',2015,218.44,284.48
1053,Stanley Johnson,7.50%,9.0,9.0,8' 6'',6' 11.5'',2015,212.09,259.08
1054,Tyus Jones,6.50%,8.25,8.75,8' 1'',6' 5'',2015,195.58,246.38
1055,Frank Kaminsky,9.40%,8.5,9.5,9' 1.5'',6' 11'',2015,210.82,278.13
1056,Kevon Looney,11.90%,9.5,9.25,9' 2'',7' 3.5'',2015,222.25,279.4
1057,Trey Lyles,12.10%,9.25,10.25,9' 0'',7' 1.5'',2015,217.17000000000002,274.32
1058,Jarell Martin,10.10%,8.25,9.5,8' 10.5'',6' 9'',2015,205.74,270.51
1059,TJ McConnell,7.30%,7.5,7.0,8' 0.5'',6' 2'',2015,187.96,245.11
1060,Chris McCullough,6.20%,8.75,8.75,9' 1'',7' 3.25'',2015,221.615,276.86
1061,Jordan Mickey,7.20%,8.75,9.5,8' 10'',7' 3.25'',2015,221.615,269.24
1062,Larry Nance,6.40%,9.0,9.75,9' 0'',7' 1.5'',2015,217.17000000000002,274.32
1063,Kelly Oubre,5.70%,9.0,8.75,8' 6.5'',7' 2.25'',2015,219.07500000000002,260.35
1064,Cameron Payne,6.30%,8.5,8.25,8' 1.5'',6' 7.25'',2015,201.29500000000002,247.65
1065,Terran Petteway,4.90%,8.25,8.25,8' 8.5'',6' 11.25'',2015,211.455,265.43
1066,Bobby Portis,8.90%,9.5,9.25,9' 0.5'',7' 2'',2015,218.44,275.59000000000003
1067,Norman Powell,6.40%,9.25,9.0,8' 6.5'',6' 10.75'',2015,210.185,260.35
1068,Michael Qualls,4.00%,9.0,10.25,8' 8.5'',7' 0.25'',2015,213.995,265.43
1069,Chasson Randle,4.50%,8.5,9.5,8' 0.5'',6' 7'',2015,200.66,245.11
1070,Terry Rozier,5.60%,8.25,8.5,8' 2.5'',6' 8.25'',2015,203.835,250.19
1071,D?Angelo Russell,8.30%,8.75,9.75,8' 6'',6' 9.75'',2015,207.645,259.08
1072,Keifer Sykes,5.00%,8.5,9.5,7' 9'',6' 2'',2015,187.96,236.22
1073,Marcus Thornton,5.30%,8.25,8.5,8' 1.5'',6' 7.75'',2015,202.565,247.65
1074,J.P. Tokoto,4.10%,8.0,8.75,8' 4.5'',6' 10'',2015,208.28,255.27
1075,Myles Turner,9.30%,9.25,9.25,9' 4'',7' 4'',2015,223.52,284.48
1076,Robert Upshaw,12.50%,10.0,11.0,9' 5'',7' 5.5'',2015,227.33,287.02
1077,Rashad Vaughn,6.20%,8.0,8.5,8' 5'',6' 7'',2015,200.66,256.54
1078,Chris Walker,5.10%,9.0,9.0,9' 0'',7' 2.75'',2015,220.345,274.32
1079,Dez Wells,8.10%,8.75,9.75,8' 4.5'',6' 9.5'',2015,207.01,255.27
1080,Alan Williams,12.00%,8.5,9.5,8' 10.5'',7' 1.75'',2015,217.805,270.51
1081,Justise Winslow,5.30%,8.5,9.25,8' 8.5'',6' 10.25'',2015,208.915,265.43
1082,Christian Wood,14.70%,9.25,10.75,9' 3.5'',7' 3.25'',2015,221.615,283.21
1083,Delon Wright,6.60%,8.0,8.5,8' 5.5'',6' 7.5'',2015,201.93,257.81
1084,Ron Baker,7.85%,8.75,9.50,8' 1.5'',6' 9.75'',2016,207.645,247.65
1085,Wade Baldwin IV,5.20%,9.00,9.75,8' 4'',6' 11.25'',2016,211.455,254.0
1086,Cat Barber,4.50%,8.00,8.50,7' 11.5'',6' 5.5'',2016,196.85,242.57
1087,Malik Beasley,6.90%,8.50,9.00,8' 4.5'',6' 7'',2016,200.66,255.27
1088,DeAndre Bembry,7.00%,8.00,9.25,8' 5'',6' 9.25'',2016,206.375,256.54
1089,Ben Bentil,9.70%,9.50,10.00,8' 9'',7' 1.5'',2016,217.17000000000002,266.7
1090,Jaron Blossomgame,5.25%,8.50,10.00,8' 6'',6' 10'',2016,208.28,259.08
1091,Joel Bolomboy,5.15%,9.00,10.25,8' 7.5'',7' 1.75'',2016,217.805,262.89
1092,Malcolm Brogdon,5.40%,9.00,10.25,8' 2'',6' 10.5'',2016,209.55,248.92000000000002
1093,Jaylen Brown,5.05%,8.75,9.00,8' 6.5'',6' 11.75'',2016,212.725,260.35
1094,Marquese Chriss,8.50%,9.00,9.00,8' 9'',7' 0.25'',2016,213.995,266.7
1095,Elgin Cook,6.35%,8.50,10.25,8' 4.5'',6' 10'',2016,208.28,255.27
1096,Isaiah Cousins,4.80%,8.25,8.75,8' 2.5'',6' 6.25'',2016,198.755,250.19
1097,Deyonta Davis,9.70%,9.00,9.25,9' 0.5'',7' 2.5'',2016,219.71,275.59000000000003
1098,Cheick Diallo,5.60%,8.50,9.75,8' 11.5'',7' 4.5'',2016,224.79,273.05
1099,Kris Dunn,-%,-,-,8' 4'',6' 9.5'',2016,207.01,254.0
1100,Henry Ellenson,11.20%,8.50,9.75,9' 0'',7' 2.25'',2016,219.07500000000002,274.32
1101,Perry Ellis,4.60%,8.00,8.50,8' 6'',6' 10.25'',2016,208.915,259.08
1102,Kay Felder,5.80%,8.25,8.50,7' 4.5'',6' 2.5'',2016,189.23,224.79
1103,Dorian Finney-Smith,6.45%,9.00,9.75,8' 9.5'',6' 11.75'',2016,212.725,267.97
1104,Michael Gbinije,5.40%,8.00,9.00,8' 5'',6' 7.5'',2016,201.93,256.54
1105,Daniel Hamilton,5.95%,9.00,8.50,8' 7.5'',6' 9'',2016,205.74,262.89
1106,Josh Hart,5.75%,8.50,9.25,8' 3.5'',6' 8.5'',2016,204.47,252.73
1107,Nigel Hayes,10.90%,8.50,9.50,8' 11.5'',7' 3'',2016,220.98,273.05
1108,Buddy Hield,6.10%,8.50,9.00,8' 5'',6' 9.25'',2016,206.375,256.54
1109,Justin Jackson,7.60%,8.75,8.75,8' 7.5'',6' 10.75'',2016,210.185,262.89
1110,Demetrius Jackson,6.50%,8.25,9.00,7' 9'',6' 5.5'',2016,196.85,236.22
1111,Brice Johnson,7.50%,9.00,8.25,8' 10.5'',7' 0.5'',2016,214.63,270.51
1112,Damian Jones,6.55%,8.75,10.50,8' 11'',7' 3.75'',2016,222.885,271.78000000000003
1113,Skal Labissiere,5.70%,8.75,9.00,8' 9.5'',7' 2.5'',2016,219.71,267.97
1114,Jake Layman,7.10%,8.25,9.25,8' 6'',6' 9.25'',2016,206.375,259.08
1115,Caris LeVert,7.55%,8.50,9.25,8' 5'',6' 10'',2016,208.28,256.54
1116,Marcus Lee,5.35%,9.00,9.00,8' 11.5'',7' 3'',2016,220.98,273.05
1117,Thon Maker,6.05%,8.75,9.50,9' 2.5'',7' 3'',2016,220.98,280.67
1118,Patrick McCaw,4.70%,8.75,8.75,8' 4.5'',6' 10'',2016,208.28,255.27
1119,Malik Newman,5.60%,8.25,9.25,8' 1.5'',6' 5.75'',2016,197.485,247.65
1120,Georges Niang,10.05%,9.25,9.25,8' 7'',6' 10'',2016,208.28,261.62
1121,Chinanu Onuaku,8.55%,9.00,8.00,9' 0.5'',7' 2.75'',2016,220.345,275.59000000000003
1122,Marcus Paige,4.30%,7.75,8.75,8' 1'',6' 6.25'',2016,198.755,246.38
1123,Gary Payton II,3.95%,8.75,9.50,8' 3.5'',6' 8'',2016,203.2,252.73
1124,Jakob Poeltl,5.80%,9.25,10.25,9' 3.5'',7' 2.75'',2016,220.345,283.21
1125,Taurean Prince,6.45%,9.00,8.50,8' 6'',6' 11.5'',2016,212.09,259.08
1126,Zhou Qi,4.85%,9.25,9.50,9' 4.5'',7' 7.75'',2016,233.04500000000002,285.75
1127,Malachi Richardson,7.00%,8.75,10.00,8' 5.5'',7' 0'',2016,213.36,257.81
1128,Wayne Selden,7.30%,9.00,9.25,8' 5'',6' 10.5'',2016,209.55,256.54
1129,Pascal Siakam,5.20%,9.25,10.00,8' 11.5'',7' 3.25'',2016,221.615,273.05
1130,Diamond Stone,12.85%,8.50,7.75,9' 0.5'',7' 2.75'',2016,220.345,275.59000000000003
1131,Caleb Swanigan,12.55%,9.00,10.25,8' 11'',7' 3.5'',2016,222.25,271.78000000000003
1132,Melo Trimble,8.35%,8.00,8.75,7' 8.5'',6' 2'',2016,187.96,234.95000000000002
1133,Tyler Ulis,5.20%,7.50,7.50,7' 4.5'',6' 2'',2016,187.96,224.79
1134,Jarrod Uthoff,6.00%,8.75,9.00,8' 8'',6' 11.5'',2016,212.09,264.16
1135,Denzel Valentine,9.20%,8.50,9.75,8' 6'',6' 10.75'',2016,210.185,259.08
1136,Isaiah Whitehead,9.25%,8.50,8.75,8' 4'',6' 8.75'',2016,205.105,254.0
1137,Troy Williams,10.00%,8.25,9.25,8' 6'',6' 8.25'',2016,203.835,259.08
1138,Kyle Wiltjer,15.25%,8.25,9.50,8' 6.5'',7' 0.25'',2016,213.995,260.35
1139,Stephen Zimmerman,11.15%,9.00,9.00,9' 0.5'',7' 3.25'',2016,221.615,275.59000000000003
1140,Edrice Adebayo,5.20%,9.50,8.75,9' 0'',7' 2.75'',2017,220.345,274.32
1141,Rawle Alkins,11.00%,8.75,10.00,8' 3'',6' 8.75'',2017,205.105,251.46
1142,Jarrett Allen,7.40%,9.50,10.50,9' 1.5'',7' 5.25'',2017,226.695,278.13
1143,Kadeem Allen,6.40%,8.50,8.75,8' 3.5'',6' 9.25'',2017,206.375,252.73
1144,Ike Anigbogu,5.40%,9.50,10.00,9' 2.5'',7' 6.25'',2017,229.235,280.67
1145,OG Anunoby,6.80%,9.25,9.50,8' 11.5'',7' 2.25'',2017,219.07500000000002,273.05
1146,Jamel Artis,11.90%,9.25,9.75,8' 9'',6' 10'',2017,208.28,266.7
1147,Dwayne Bacon,7.90%,8.75,10.00,8' 7.5'',6' 10'',2017,208.28,262.89
1148,V.J. Beachem,6.80%,8.50,9.00,8' 8.5'',6' 10.25'',2017,208.915,265.43
1149,Jordan Bell,5.40%,9.25,9.50,8' 8.5'',6' 11.75'',2017,212.725,265.43
1150,Jaron Blossomgame,5.70%,8.75,10.25,8' 8.5'',6' 10'',2017,208.28,265.43
1151,Chris Boucher,5.40%,9.25,10.50,9' 2.5'',7' 4'',2017,223.52,280.67
1152,Tony Bradley,12.00%,9.50,9.50,9' 4.5'',7' 5'',2017,226.06,285.75
1153,Isaiah Briscoe,11.00%,9.00,9.25,8' 3.5'',6' 9'',2017,205.74,252.73
1154,Dillon Brooks,7.50%,8.25,9.25,8' 4.5'',6' 6'',2017,198.12,255.27
1155,Thomas Bryant,9.40%,9.50,10.25,9' 4.5'',7' 6'',2017,228.6,285.75
1156,John Collins,5.40%,9.00,10.00,8' 10.5'',6' 11.25'',2017,211.455,270.51
1157,Zach Collins,8.90%,8.75,9.25,9' 3'',7' 1'',2017,215.9,281.94
1158,Hamidou Diallo,5.20%,8.50,9.50,8' 5.5'',6' 11.25'',2017,211.455,257.81
1159,Tyler Dorsey,4.70%,8.50,9.25,8' 3.5'',6' 5.25'',2017,196.215,252.73
1160,Damyean Dotson,5.30%,8.50,9.25,8' 4'',6' 9'',2017,205.74,254.0
1161,PJ Dozier,6.10%,8.50,9.50,8' 5'',6' 11'',2017,210.82,256.54
1162,Jawun Evans,9.10%,8.00,7.75,7' 11'',6' 5.5'',2017,196.85,241.3
1163,Terrance Ferguson,5.80%,8.50,10.00,8' 7'',6' 8.75'',2017,205.105,261.62
1164,De?Aaron Fox,4.50%,8.50,8.50,8' 4'',6' 6.5'',2017,199.39000000000001,254.0
1165,Markelle Fultz,-%,-,-,,,2017,,
1166,Harry Giles,5.20%,9.50,10.75,9' 1.5'',7' 3.25'',2017,221.615,278.13
1167,Josh Hart,5.80%,8.50,9.50,8' 5'',6' 8.25'',2017,203.835,256.54
1168,Nigel Hayes,11.50%,8.75,10.00,8' 8.5'',7' 3.25'',2017,221.615,265.43
1169,Isaiah Hicks,7.70%,8.75,9.75,8' 9'',7' 0.5'',2017,214.63,266.7
1170,Wesley Iwundu,4.00%,8.75,9.50,8' 9.5'',7' 1'',2017,215.9,267.97
1171,Frank Jackson,6.70%,8.25,9.00,8' 2'',6' 7.5'',2017,201.93,248.92000000000002
1172,Justin Jackson (UMD),7.10%,9.00,9.50,8' 11'',7' 3.25'',2017,221.615,271.78000000000003
1173,Justin Jackson (UNC),8.10%,8.75,9.25,8' 8.5'',6' 11'',2017,210.82,265.43
1174,Peter Jok,11.00%,8.25,9.50,8' 6'',6' 8'',2017,203.2,259.08
1175,Luke Kennard,6.60%,8.00,8.75,8' 2.5'',6' 5.25'',2017,196.215,250.19
1176,Kyle Kuzma,9.40%,8.50,9.50,8' 11.5'',7' 0.25'',2017,213.995,273.05
1177,TJ Leaf,6.80%,8.50,9.50,8' 11'',6' 11'',2017,210.82,271.78000000000003
1178,Tyler Lydon,13.60%,8.75,8.75,8' 11.5'',7' 0'',2017,213.36,273.05
1179,Frank Mason III,4.30%,8.00,9.25,7' 10'',6' 3.25'',2017,191.135,238.76
1180,Kennedy Meeks,11.50%,8.75,8.75,8' 10'',7' 1'',2017,215.9,269.24
1181,Donovan Mitchell,5.90%,8.50,9.50,8' 1'',6' 10'',2017,208.28,246.38
1182,Monte Morris,6.90%,8.25,8.75,8' 0.5'',6' 4'',2017,193.04,245.11
1183,Johnathan Motley,-%,9.00,9.50,9' 0'',7' 4'',2017,223.52,274.32
1184,Svi Mykhailiuk,11.40%,8.00,9.25,8' 4'',6' 5'',2017,195.58,254.0
1185,Semi Ojeleye,5.50%,8.75,9.50,8' 6'',6' 9.75'',2017,207.645,259.08
1186,Cameron Oliver,7.70%,9.50,10.25,8' 10.5'',7' 1.25'',2017,216.535,270.51
1187,Justin Patton,7.80%,8.75,9.75,9' 3.5'',7' 3'',2017,220.98,283.21
1188,Alec Peters,8.80%,8.75,10.00,8' 9'',6' 10.75'',2017,210.185,266.7
1189,Ivan Rabb,6.80%,8.75,9.00,9' 1'',7' 1.5'',2017,217.17000000000002,276.86
1190,Davon Reed,6.50%,9.25,9.50,8' 6'',7' 0'',2017,213.36,259.08
1191,Devin Robinson,3.20%,9.25,10.25,8' 10'',7' 0.75'',2017,215.26500000000001,269.24
1192,Kobi Simmons,5.00%,8.50,9.50,8' 3'',6' 6'',2017,198.12,251.46
1193,Edmond Sumner,8.30%,8.25,9.00,8' 6.5'',6' 9'',2017,205.74,260.35
1194,Caleb Swanigan,-%,9.50,10.25,9' 0'',7' 3'',2017,220.98,274.32
1195,Sindarius Thornwell,7.80%,8.75,8.75,8' 7'',6' 10'',2017,208.28,261.62
1196,Melo Trimble,10.60%,8.00,8.75,7' 11.5'',6' 2'',2017,187.96,242.57
1197,Moritz Wagner,6.70%,8.75,10.75,9' 0'',7' 0'',2017,213.36,274.32
1198,Derrick Walton Jr.,5.80%,8.00,8.50,7' 11'',6' 2.5'',2017,189.23,241.3
1199,Thomas Welsh,10.90%,9.00,10.50,9' 1.5'',7' 0'',2017,213.36,278.13
1200,Derrick White,6.20%,8.25,8.50,8' 5.5'',6' 7.5'',2017,201.93,257.81
1201,Nigel Williams-Goss,5.60%,8.75,9.25,8' 3'',6' 7.25'',2017,201.29500000000002,251.46
1202,D.J. Wilson,6.40%,9.25,10.25,9' 1.5'',7' 3'',2017,220.98,278.13
1203,Omer Yurtseven,7.60%,9.00,10.50,9' 0.5'',7' 1'',2017,215.9,275.59000000000003
1204,Rawle Alkins,8.90%,8.5,10.0,8' 3'',6' 8.75'',2018,205.105,251.46
1205,Grayson Allen,5.55%,8.25,10.0,8' 1'',6' 7.25'',2018,201.29500000000002,246.38
1206,Kostas Antetokounmpo,5.00%,9.25,9.5,9' 2'',7' 2.25'',2018,219.07500000000002,279.4
1207,Udoka Azubuike,7.95%,9.5,10.0,9' 4.5'',7' 7'',2018,231.14000000000001,285.75
1208,Mohamed Bamba,6.20%,9.75,10.25,9' 7.5'',7' 10'',2018,238.76,293.37
1209,Jaylen Barford,11.65%,8.0,8.25,8' 0.5'',6' 3.5'',2018,191.77,245.11
1210,Keita Bates-Diop,5.35%,9.0,8.5,8' 10.5'',7' 3.25'',2018,221.615,270.51
1211,Tyus Battle,4.00%,8.5,9.25,8' 6'',6' 9'',2018,205.74,259.08
1212,Brian Bowen,7.60%,9.0,10.0,8' 7.5'',6' 10.25'',2018,208.915,262.89
1213,Miles Bridges,5.90%,9.0,9.75,8' 7.5'',6' 9.5'',2018,207.01,262.89
1214,Bruce Brown,3.75%,8.5,8.5,8' 2.5'',6' 9'',2018,205.74,250.19
1215,Troy Brown,7.05%,9.0,9.75,8' 9'',6' 10.25'',2018,208.915,266.7
1216,Jalen Brunson,6.70%,8.25,9.25,8' 0'',6' 4'',2018,193.04,243.84
1217,Tony Carr,6.50%,8.5,9.75,8' 4'',6' 8.25'',2018,203.835,254.0
1218,Jevon Carter,4.15%,9.25,8.5,7' 11'',6' 4.25'',2018,193.675,241.3
1219,Wendell Carter,7.85%,8.5,9.0,9' 1'',7' 4.5'',2018,224.79,276.86
1220,Donte DiVincenzo,5.00%,8.25,9.0,8' 1.5'',6' 6'',2018,198.12,247.65
1221,Hamidou Diallo,4.45%,8.75,9.0,8' 7'',6' 11.5'',2018,212.09,261.62
1222,Trevon Duval,5.20%,8.75,10.0,8' 1.5'',6' 8.25'',2018,203.835,247.65
1223,Carsen Edwards,6.30%,8.5,9.25,7' 10.5'',6' 6.25'',2018,198.755,240.03
1224,Jacob Evans,6.50%,9.0,9.25,8' 6.5'',6' 9.25'',2018,206.375,260.35
1225,Keenan Evans,6.50%,8.5,8.0,8' 2'',6' 5.25'',2018,196.215,248.92000000000002
1226,Bruno Fernando,5.25%,9.5,10.0,9' 1'',7' 4.25'',2018,224.155,276.86
1227,Melvin Frazier,7.90%,9.5,9.5,8' 9'',7' 1.75'',2018,217.805,266.7
1228,Shai Gilgeous-Alexander,3.00%,9.0,9.0,8' 8'',6' 11.5'',2018,212.09,264.16
1229,Devonte Graham,4.80%,8.5,9.5,8' 0'',6' 6.25'',2018,198.755,243.84
1230,Isaac Haas,12.55%,10.0,10.5,9' 3.5'',7' 5'',2018,226.06,283.21
1231,Devon Hall,8.45%,8.5,10.0,8' 6'',6' 7.75'',2018,202.565,259.08
1232,Jaylen Hands,5.00%,8.0,8.0,8' 2'',6' 5.5'',2018,196.85,248.92000000000002
1233,Kevin Hervey,5.15%,9.25,10.25,8' 11'',7' 3.5'',2018,222.25,271.78000000000003
1234,Aaron Holiday,6.40%,8.75,8.5,8' 1'',6' 7.5'',2018,201.93,246.38
1235,Kevin Huerter,8.60%,8.25,8.5,8' 5.5'',6' 7.5'',2018,201.93,257.81
1236,Jaren Jackson,7.20%,10.0,10.0,9' 2'',7' 5.25'',2018,226.695,279.4
1237,Justin Jackson,8.90%,9.0,9.5,8' 9'',7' 3'',2018,220.98,266.7
1238,Alize Johnson,8.10%,8.5,9.75,8' 7'',6' 8.75'',2018,205.105,261.62
1239,George King,7.25%,9.0,10.25,8' 5.5'',6' 11.5'',2018,212.09,257.81
1240,Kevin Knox,4.95%,8.75,9.25,9' 0'',6' 11.75'',2018,212.725,274.32
1241,Sagaba Konate,7.35%,9.25,10.0,8' 10.5'',7' 0'',2018,213.36,270.51
1242,Caleb Martin,7.00%,8.5,8.75,8' 5.5'',6' 10'',2018,208.28,257.81
1243,Cody Martin,5.45%,8.5,9.0,8' 6.5'',6' 10.25'',2018,208.915,260.35
1244,Yante Maten,8.10%,9.25,10.0,8' 11.5'',7' 0.5'',2018,214.63,273.05
1245,Brandon McCoy,8.70%,9.75,9.5,9' 2.5'',7' 2'',2018,218.44,280.67
1246,DeAnthony Melton,5.20%,8.5,9.5,8' 3.5'',6' 8.5'',2018,204.47,252.73
1247,Chimezie Metu,5.05%,9.0,9.25,9' 0'',7' 0.5'',2018,214.63,274.32
1248,Shake Milton,6.80%,8.75,9.5,8' 3.5'',7' 0.75'',2018,215.26500000000001,252.73
1249,Sviatoslav Mykhailiuk,8.45%,8.25,9.5,8' 4'',6' 4.75'',2018,194.945,254.0
1250,Malik Newman,6.25%,8.5,9.5,8' 2.5'',6' 5.5'',2018,196.85,250.19
1251,Josh Okogie,5.20%,9.0,9.75,8' 6'',7' 0'',2018,213.36,259.08
1252,Theo Pinson,7.35%,9.0,9.0,8' 7.5'',6' 10.75'',2018,210.185,262.89
1253,Jontay Porter,13.85%,8.75,9.5,9' 1'',7' 0.25'',2018,213.995,276.86
1254,Michael Porter,6.40%,8.75,9.25,9' 0.5'',7' 0.25'',2018,213.995,275.59000000000003
1255,Billy Preston,5.45%,9.25,9.5,9' 0'',7' 2'',2018,218.44,274.32
1256,Jerome Robinson,6.05%,9.0,10.0,8' 2'',6' 7.25'',2018,201.29500000000002,248.92000000000002
1257,Collin Sexton,5.60%,8.25,8.5,8' 2.5'',6' 7.25'',2018,201.29500000000002,250.19
1258,Landry Shamet,4.85%,8.0,9.0,8' 4'',6' 6.75'',2018,200.025,254.0
1259,Anfernee Simons,7.70%,8.75,9.0,8' 3.5'',6' 9.25'',2018,206.375,252.73
1260,Zhaire Smith,6.05%,8.75,8.25,8' 4'',6' 9.75'',2018,207.645,254.0
1261,Ray Spalding,5.55%,9.25,9.0,9' 1'',7' 4.75'',2018,225.425,276.86
1262,Omari Spellman,13.75%,9.0,9.0,8' 11.5'',7' 2'',2018,218.44,273.05
1263,Khyri Thomas,6.40%,8.75,9.25,8' 5'',6' 10.5'',2018,209.55,256.54
1264,Gary Trent,7.00%,8.5,9.5,8' 2'',6' 8.75'',2018,205.105,248.92000000000002
1265,Allonzo Trier,4.95%,8.25,10.5,8' 2'',6' 6.75'',2018,200.025,248.92000000000002
1266,Moritz Wagner,6.75%,9.0,10.75,9' 0'',7' 0'',2018,213.36,274.32
1267,Lonnie Walker,5.65%,9.0,9.5,8' 3.5'',6' 10.25'',2018,208.915,252.73
1268,PJ Washington,6.85%,9.0,10.25,8' 11'',7' 2.5'',2018,219.71,271.78000000000003
1269,Austin Wiley,5.00%,9.75,10.25,9' 3'',7' 5'',2018,226.06,281.94
1270,Kris Wilkes,5.15%,8.75,9.25,8' 7.5'',6' 10.25'',2018,208.915,262.89
1271,Kenrich Williams,5.95%,8.5,9.75,8' 7.5'',6' 7.25'',2018,201.29500000000002,262.89
1272,Trae Young,5.35%,8.0,9.25,7' 11.5'',6' 3'',2018,190.5,242.57
1273,Nickeil Alexander-Walker,5.90%,8.50,8.75,8' 6'',6' 9.5'',2019,207.01,259.08
1274,RJ Barrett,-%,-,-,,,2019,,
1275,Charles Bassey,8.50%,9.25,9.50,9' 1.5'',7' 3.5'',2019,222.25,278.13
1276,Darius Bazley,3.60%,9.00,9.75,8' 11'',7' 0'',2019,213.36,271.78000000000003
1277,Bol Bol,7.10%,9.25,9.50,9' 7.5'',7' 7'',2019,231.14000000000001,293.37
1278,Jordan Bone,5.00%,7.50,9.25,7' 11'',6' 3.25'',2019,191.135,241.3
1279,Brian Bowen II,6.50%,8.50,9.75,8' 7'',6' 10'',2019,208.28,261.62
1280,Ky Bowman,4.90%,8.25,9.00,8' 2'',6' 7'',2019,200.66,248.92000000000002
1281,Ignas Brazdeikis,6.00%,8.75,9.50,8' 6'',6' 9.25'',2019,206.375,259.08
1282,O'Shae Brissett,2.90%,9.00,9.50,8' 8'',7' 0'',2019,213.36,264.16
1283,Moses Brown,7.80%,9.50,10.25,9' 5'',7' 4.75'',2019,225.425,287.02
1284,Brandon Clarke,4.90%,8.25,9.50,8' 6'',6' 8.25'',2019,203.835,259.08
1285,Nicolas Claxton,4.50%,9.25,9.50,9' 2'',7' 2.5'',2019,219.71,279.4
1286,Tyler Cook,6.10%,9.50,10.75,8' 10.5'',7' 0.5'',2019,214.63,270.51
1287,Jarrett Culver,5.00%,8.25,8.50,8' 4.5'',6' 9.5'',2019,207.01,255.27
1288,Terence Davis,4.10%,9.25,10.75,8' 5'',6' 8.75'',2019,205.105,256.54
1289,Luguentz Dort,5.00%,8.50,9.00,8' 3.5'',6' 8.5'',2019,204.47,252.73
1290,Devon Dotson,5.90%,8.25,9.50,7' 11.5'',6' 3.25'',2019,191.135,242.57
1291,Carsen Edwards,5.50%,8.75,9.00,7' 10.5'',6' 6'',2019,198.12,240.03
1292,Tacko Fall,6.80%,10.50,10.50,10' 2.5'',8' 2.25'',2019,249.555,311.15
1293,Bruno Fernando,5.40%,9.25,10.00,9' 2'',7' 3.25'',2019,221.615,279.4
1294,Daniel Gafford,5.90%,9.25,9.25,9' 2'',7' 2.25'',2019,219.07500000000002,279.4
1295,Darius Garland,-%,-,-,,,2019,,
1296,Quentin Grimes,8.40%,8.25,10.00,8' 4.5'',6' 7.75'',2019,202.565,255.27
1297,Kyle Guy,5.70%,8.00,8.75,7' 11.5'',6' 4.5'',2019,194.31,242.57
1298,Jaylen Hands,5.10%,8.00,8.25,8' 1'',6' 5.5'',2019,196.85,246.38
1299,Jared Harper,3.90%,8.25,9.50,7' 10'',6' 5.5'',2019,196.85,238.76
1300,Jaxson Hayes,5.00%,9.25,10.50,9' 2.5'',7' 3.5'',2019,222.25,280.67
1301,Dewan Hernandez,6.10%,9.50,10.25,8' 11'',7' 1.75'',2019,217.805,271.78000000000003
1302,Tyler Herro,7.10%,8.00,8.75,8' 4.5'',6' 3.25'',2019,191.135,255.27
1303,Jalen Hoard,6.70%,8.75,9.75,8' 9.5'',7' 0.75'',2019,215.26500000000001,267.97
1304,Talen Horton-Tucker,8.40%,9.50,9.75,8' 7'',7' 1.25'',2019,216.535,261.62
1305,De'Andre Hunter,-%,-,-,,,2019,,
1306,DaQuan Jeffries,3.90%,9.50,10.25,8' 8'',6' 11.25'',2019,211.455,264.16
1307,Ty Jerome,6.50%,8.25,9.50,8' 2'',6' 4'',2019,193.04,248.92000000000002
1308,Keldon Johnson,5.60%,8.00,9.25,8' 8'',6' 9.25'',2019,206.375,264.16
1309,Cameron Johnson,5.80%,8.00,8.50,8' 7'',6' 10'',2019,208.28,261.62
1310,Mfiondu Kabengele,5.10%,9.25,10.75,9' 1.5'',7' 3'',2019,220.98,278.13
1311,Louis King,4.80%,8.00,8.50,8' 8.5'',7' 0.25'',2019,213.995,265.43
1312,Romeo Langford,-%,9.00,9.00,8' 7'',6' 11'',2019,210.82,261.62
1313,Dedric Lawson,8.90%,9.75,9.75,8' 11.5'',7' 2.25'',2019,219.07500000000002,273.05
1314,Jalen Lecque,4.00%,8.75,8.50,8' 2.5'',6' 8.5'',2019,204.47,250.19
1315,Nassir Little,5.90%,8.75,10.00,8' 8.5'',7' 1.25'',2019,216.535,265.43
1316,Terance Mann,4.00%,9.50,9.25,8' 5'',6' 7.75'',2019,202.565,256.54
1317,Cody Martin,5.00%,8.25,9.00,8' 6.5'',6' 10.25'',2019,208.915,260.35
1318,Charles Matthews,3.80%,8.50,8.75,8' 7'',6' 9.5'',2019,207.01,261.62
1319,Jalen McDaniels,5.70%,9.00,10.00,8' 9.5'',7' 0.25'',2019,213.995,267.97
1320,Ja Morant,-%,-,-,,,2019,,
1321,Zach Norvell Jr.,7.50%,8.50,9.50,8' 5'',6' 6'',2019,198.12,256.54
1322,Jaylen Nowell,6.10%,8.25,8.50,8' 2'',6' 7.25'',2019,201.29500000000002,248.92000000000002
1323,Jordan Nwora,7.80%,8.50,9.25,8' 7'',6' 10.5'',2019,209.55,261.62
1324,Chuma Okeke,-%,-,-,,,2019,,
1325,KZ Okpala,4.60%,9.25,9.25,8' 10.5'',7' 1.75'',2019,217.805,270.51
1326,Miye Oni,4.90%,9.00,10.00,8' 4.5'',6' 10.75'',2019,210.185,255.27
1327,Eric Paschall,6.30%,9.00,9.50,8' 7.5'',6' 11.75'',2019,212.725,262.89
1328,Reggie Perry,6.70%,9.00,10.00,8' 10'',7' 0.5'',2019,214.63,269.24
1329,Shamorie Ponds,9.80%,7.75,8.00,8' 0.5'',6' 3.5'',2019,191.77,245.11
1330,Jordan Poole,7.50%,8.25,8.50,8' 3.5'',6' 6.75'',2019,200.025,252.73
1331,Jontay Porter,8.50%,8.75,9.50,9' 1.5'',7' 0'',2019,213.36,278.13
1332,Kevin Porter Jr.,5.10%,8.75,8.75,8' 7'',6' 9'',2019,205.74,261.62
1333,Neemias Queta,6.30%,9.50,11.00,9' 3.5'',7' 4.25'',2019,224.155,283.21
1334,Cameron Reddish,4.70%,9.00,9.00,8' 9.5'',7' 0.5'',2019,214.63,267.97
1335,Naz Reid,14.00%,9.50,9.25,9' 1'',7' 3.25'',2019,221.615,276.86
1336,Isaiah Roby,3.90%,9.00,10.50,8' 10'',7' 1'',2019,215.9,269.24
1337,Luka Samanic,5.60%,8.50,9.00,8' 11'',6' 10.5'',2019,209.55,271.78000000000003
1338,Admiral Schofield,6.80%,8.75,9.00,8' 6.5'',6' 9.75'',2019,207.645,260.35
1339,Marial Shayok,4.70%,8.75,9.25,8' 7.5'',7' 0.25'',2019,213.995,262.89
1340,Simisola Shittu,6.20%,8.75,8.50,8' 10'',7' 1.25'',2019,216.535,269.24
1341,Killian Tillie,-%,-,-,,,2019,,
1342,P.J. Washington,8.60%,9.00,10.25,8' 10.5'',7' 2.25'',2019,219.07500000000002,270.51
1343,Tremont Waters,6.60%,8.00,9.75,7' 9.5'',6' 2.25'',2019,188.595,237.49
1344,Quinndary Weatherspoon,6.10%,8.50,9.00,8' 4'',6' 9'',2019,205.74,254.0
1345,Coby White,4.30%,7.75,9.00,8' 1.5'',6' 5'',2019,195.58,247.65
1346,Kris Wilkes,4.90%,8.50,9.50,8' 7'',6' 10.75'',2019,210.185,261.62
1347,Grant Williams,5.40%,9.00,10.50,8' 8.5'',6' 9.75'',2019,207.645,265.43
1348,Zion Williamson,-%,-,-,,,2019,,
1349,Dylan Windler,4.60%,8.25,9.50,8' 8.5'',6' 10'',2019,208.28,265.43
